,b,c,e,f,g,h,i,m,n
0,ASSD2375,27,South Andaman,Port Blair,Port Blair,Port Blair#South Andaman,A,Port Blair (Port Blair),Port Blair (Port Blair)
1,OJLL1583,23,Anantapur,Anantapur,"P. Ramacharyulu Park,RBZ","P. Ramacharyulu Park,RBZ#Anantapur",A,"P. Ramacharyulu Park,RBZ (Anantapur)","Anantapur (P. Ramacharyulu Park,RBZ)"
2,UTUR2153,23,Chittor,Tirupati,Tirupati,Tirupati#Chittor,A,Tirupati (Tirupati),Tirupati (Tirupati)
3,PRCF8056,23,Kurnool,Dhone,Dhone,Dhone#Kurnool,A,Dhone (Dhone),Dhone (Dhone)
4,TMMA7753,28,East Siang,Dhone,Pasighat,Pasighat#East Siang,A,Pasighat (Dhone),Dhone (Pasighat)
5,QVUX7770,16,Barpeta,Barpeta Sub-District,Howly,Howly#Barpeta,A,Howly (Barpeta Sub-District),Barpeta Sub-District (Howly)
6,SZNH2680,16,Dhubri,Dhubri,Gauripur,Gauripur#Dhubri,A,Gauripur (Dhubri),Dhubri (Gauripur)
7,USGU5955,16,Dibrugarh,Dibrugarh,Dibrugarh,Dibrugarh#Dibrugarh,A,Dibrugarh (Dibrugarh),Dibrugarh (Dibrugarh)
8,NCWT3253,16,Jorhat,Jorhat,Jorhat,Jorhat#Jorhat,A,Jorhat (Jorhat),Jorhat (Jorhat)
9,DBQK7296,16,Nagaon,Lanka,Lanka,Lanka#Nagaon,A,Lanka (Lanka),Lanka (Lanka)
10,HPXP1807,16,Sibsagar,Sivasagar,Sivasagar,Sivasagar#Sibsagar,A,Sivasagar (Sivasagar),Sivasagar (Sivasagar)
11,NLGN7895,16,Tinsukia,Tinsukia,Tinsukia,Tinsukia#Tinsukia,A,Tinsukia (Tinsukia),Tinsukia (Tinsukia)
12,XVXA8166,19,Chhapra,Chapra,Chhapra,Chhapra#Chhapra,A,Chhapra (Chapra),Chapra (Chhapra)
13,ZPSE1953,19,Madhepura,Bihariganj,Bihariganj,Bihariganj#Madhepura,A,Bihariganj (Bihariganj),Bihariganj (Bihariganj)
14,SMFH5869,19,Patna,Patna,Patna (Musallahpur),Patna (Musallahpur)#Patna,A,Patna (Musallahpur) (Patna),Patna (Patna (Musallahpur))
15,LVZP8557,19,Patna,Patna,Patna City,Patna City#Patna,A,Patna City (Patna),Patna (Patna City)
16,DSBK1342,25,Chandigarh,Chandigarh,Chandigarh(Grain/Fruit),Chandigarh(Grain/Fruit)#Chandigarh,A,Chandigarh(Grain/Fruit) (Chandigarh),Chandigarh (Chandigarh(Grain/Fruit))
17,QCIO9814,18,Bilaspur,Bilaspur,Bilaspur,Bilaspur#Bilaspur,A,Bilaspur (Bilaspur),Bilaspur (Bilaspur)
18,YDBV9913,18,Durg,Durg,Durg,Durg#Durg,A,Durg (Durg),Durg (Durg)
19,EZML1473,18,Raipur,Simga,Navapara,Navapara#Raipur,A,Navapara (Simga),Simga (Navapara)
20,GAFM9610,18,Rajnandgaon,Khairagarh,Kheragarh,Kheragarh#Rajnandgaon,A,Kheragarh (Khairagarh),Khairagarh (Kheragarh)
21,LDHC6965,18,Rajnandgaon,Rajnandgaon,Rajnandgaon,Rajnandgaon#Rajnandgaon,A,Rajnandgaon (Rajnandgaon),Rajnandgaon (Rajnandgaon)
22,ZDBO9565,21,Delhi,Delhi,Azadpur,Azadpur#Delhi,A,Azadpur (Delhi),Delhi (Azadpur)
23,ZLUI2030,21,Delhi,Delhi,Keshopur,Keshopur#Delhi,A,Keshopur (Delhi),Delhi (Keshopur)
24,OKZM3016,21,Delhi,Delhi,Shahdara,Shahdara#Delhi,A,Shahdara (Delhi),Delhi (Shahdara)
25,YZZE4264,21,Rajouri,Delhi,Rajouri (F&V),Rajouri (F&V)#Rajouri,A,Rajouri (F&V) (Delhi),Delhi (Rajouri (F&V))
26,EBWC2520,30,North Goa,Bardez,Mapusa,Mapusa#North Goa,A,Mapusa (Bardez),Bardez (Mapusa)
27,QYAO5181,11,Ahmedabad,Ahmedabad,"Ahmedabad(Fruit Market, Naroda)","Ahmedabad(Fruit Market, Naroda)#Ahmedabad",A,"Ahmedabad(Fruit Market, Naroda) (Ahmedabad)","Ahmedabad (Ahmedabad(Fruit Market, Naroda))"
28,ZLZV3140,11,Ahmedabad,Ahmedabad,Ahmedabad(Manekchowk),Ahmedabad(Manekchowk)#Ahmedabad,A,Ahmedabad(Manekchowk) (Ahmedabad),Ahmedabad (Ahmedabad(Manekchowk))
29,JTDN8374,11,Banaskanth,Deesa,Deesa,Deesa#Banaskanth,A,Deesa (Deesa),Deesa (Deesa)
30,KFYI3843,11,Banaskanth,Deesa,Deesa(Deesa Veg Yard),Deesa(Deesa Veg Yard)#Banaskanth,A,Deesa(Deesa Veg Yard) (Deesa),Deesa (Deesa(Deesa Veg Yard))
31,DXTR5273,11,Bharuch,Bharuch,Bharuch,Bharuch#Bharuch,A,Bharuch (Bharuch),Bharuch (Bharuch)
32,NIVN2940,11,Gandhinagar,Mansa,Mansa,Mansa#Gandhinagar,A,Mansa (Mansa),Mansa (Mansa)
33,ZVCR4132,11,Junagarh,Junagadh,Junagadh,Junagadh#Junagarh,A,Junagadh (Junagadh),Junagadh (Junagadh)
34,STFP6834,11,Junagarh,Keshod,Keshod,Keshod#Junagarh,A,Keshod (Keshod),Keshod (Keshod)
35,XQSA5574,11,Kachchh,Anjar,"Anjar(Veg,Sub Yard)","Anjar(Veg,Sub Yard)#Kachchh",A,"Anjar(Veg,Sub Yard) (Anjar)","Anjar (Anjar(Veg,Sub Yard))"
36,ZRQB8273,11,Kachchh,Mandvi,K.Mandvi,K.Mandvi#Kachchh,A,K.Mandvi (Mandvi),Mandvi (K.Mandvi)
37,VITK5765,11,Patan,Sidhpur,Siddhpur,Siddhpur#Patan,A,Siddhpur (Sidhpur),Sidhpur (Siddhpur)
38,TNZG5193,11,Rajkot,Gondal,Gondal,Gondal#Rajkot,A,Gondal (Gondal),Gondal (Gondal)
39,MLDL8341,11,Rajkot,Gondal,Gondal(Veg.market Gondal),Gondal(Veg.market Gondal)#Rajkot,A,Gondal(Veg.market Gondal) (Gondal),Gondal (Gondal(Veg.market Gondal))
40,JCXY9321,11,Surendranagar,Lakhtar,Lakhtar,Lakhtar#Surendranagar,A,Lakhtar (Lakhtar),Lakhtar (Lakhtar)
41,CTDC6720,11,Vadodara(Baroda),Vadodara,Vadodara,Vadodara#Vadodara(Baroda),A,Vadodara (Vadodara),Vadodara (Vadodara)
42,XSIF2385,11,Vadodara(Baroda),Vadodara,Vadodara(Navapura),Vadodara(Navapura)#Vadodara(Baroda),A,Vadodara(Navapura) (Vadodara),Vadodara (Vadodara(Navapura))
43,HKCX9836,3,Ambala,Ambala,Ambala Cantt.,Ambala Cantt.#Ambala,A,Ambala Cantt. (Ambala),Ambala (Ambala Cantt.)
44,ATUE5212,3,Ambala,Ambala,Ambala City,Ambala City#Ambala,A,Ambala City (Ambala),Ambala (Ambala City)
45,VNNN8888,3,Ambala,Ambala,Ambala City(Subji Mandi),Ambala City(Subji Mandi)#Ambala,A,Ambala City(Subji Mandi) (Ambala),Ambala (Ambala City(Subji Mandi))
46,WZIH4081,3,Ambala,Barara Sub-District,Barara,Barara#Ambala,A,Barara (Barara Sub-District),Barara Sub-District (Barara)
47,RSWV3810,3,Ambala,Barara Sub-District,Mullana,Mullana#Ambala,A,Mullana (Barara Sub-District),Barara Sub-District (Mullana)
48,ZHEY1624,3,Ambala,Naraingarh,Naraingarh,Naraingarh#Ambala,A,Naraingarh (Naraingarh),Naraingarh (Naraingarh)
49,HQOM2632,3,Ambala,Naraingarh Sub-District,Shahzadpur,Shahzadpur#Ambala,A,Shahzadpur (Naraingarh Sub-District),Naraingarh Sub-District (Shahzadpur)
50,ZSOS2960,3,Bhiwani,Loharu,Behal,Behal#Bhiwani,A,Behal (Loharu),Loharu (Behal)
51,DIAC3526,3,Bhiwani,Tosham,Bhiwani,Bhiwani#Bhiwani,A,Bhiwani (Tosham),Tosham (Bhiwani)
52,UHCY8283,3,Bhiwani,Charkhi Dadri,Ch. Dadri,Ch. Dadri#Bhiwani,A,Ch. Dadri (Charkhi Dadri),Charkhi Dadri (Ch. Dadri)
53,VJGG9773,3,Bhiwani,Bhiwani Sub-District,Jui,Jui#Bhiwani,A,Jui (Bhiwani Sub-District),Bhiwani Sub-District (Jui)
54,OOIO5235,3,Bhiwani,Loharu,Loharu,Loharu#Bhiwani,A,Loharu (Loharu),Loharu (Loharu)
55,ZCBT8325,3,Bhiwani,Siwani,Siwani,Siwani#Bhiwani,A,Siwani (Siwani),Siwani (Siwani)
56,ZFFO6479,3,Bhiwani,Tosham,Tosham,Tosham#Bhiwani,A,Tosham (Tosham),Tosham (Tosham)
57,QHIJ6256,3,Faridabad,Faridabad,Ballabhgarh,Ballabhgarh#Faridabad,A,Ballabhgarh (Faridabad),Faridabad (Ballabhgarh)
58,MGAL2773,3,Faridabad,Faridabad,Faridabad,Faridabad#Faridabad,A,Faridabad (Faridabad),Faridabad (Faridabad)
59,WAXK3492,3,Fatehabad,Fatehabad Sub-District,Bhuna,Bhuna#Fatehabad,A,Bhuna (Fatehabad Sub-District),Fatehabad Sub-District (Bhuna)
60,QJQF6718,3,Fatehabad,Fatehabad,Fatehabad,Fatehabad#Fatehabad,A,Fatehabad (Fatehabad),Fatehabad (Fatehabad)
61,GPYB3191,3,Fatehabad,Tohana Sub-District,Jakhal,Jakhal#Fatehabad,A,Jakhal (Tohana Sub-District),Tohana Sub-District (Jakhal)
62,KWPI8608,3,Fatehabad,Ratia,Ratia,Ratia#Fatehabad,A,Ratia (Ratia),Ratia (Ratia)
63,JRRX6303,3,Fatehabad,Tohana,Tohana,Tohana#Fatehabad,A,Tohana (Tohana),Tohana (Tohana)
64,YFGJ5204,3,Fatehabad,Tohana,Tohana(New Veg Market),Tohana(New Veg Market)#Fatehabad,A,Tohana(New Veg Market) (Tohana),Tohana (Tohana(New Veg Market))
65,ZGQK9911,3,Gorakhpur,Fatehabad Sub-District,Gorakhpur,Gorakhpur#Gorakhpur,A,Gorakhpur (Fatehabad Sub-District),Fatehabad Sub-District (Gorakhpur)
66,VQPJ7723,3,Gurgaon,Gurugram,Gurgaon,Gurgaon#Gurgaon,A,Gurgaon (Gurugram),Gurugram (Gurgaon)
67,ENYU5202,3,Gurgaon,Pataudi,Pataudi,Pataudi#Gurgaon,A,Pataudi (Pataudi),Pataudi (Pataudi)
68,ZKXV9955,3,Gurgaon,Ferozepur Jhirka,Rerozepur Zhirka,Rerozepur Zhirka#Gurgaon,A,Rerozepur Zhirka (Ferozepur Jhirka),Ferozepur Jhirka (Rerozepur Zhirka)
69,WXEM1373,3,Gurgaon,Sohna,Sohna,Sohna#Gurgaon,A,Sohna (Sohna),Sohna (Sohna)
70,TYNE4541,3,Hissar,Adampur,Adampur,Adampur#Hissar,A,Adampur (Adampur),Adampur (Adampur)
71,NIBW8873,3,Hissar,Barwala,Barwala(Hisar),Barwala(Hisar)#Hissar,A,Barwala(Hisar) (Barwala),Barwala (Barwala(Hisar))
72,THLZ6116,3,Hissar,Hansi,Hansi,Hansi#Hissar,A,Hansi (Hansi),Hansi (Hansi)
73,MUNT7071,3,Hissar,Hisar,Hissar,Hissar#Hissar,A,Hissar (Hisar),Hisar (Hissar)
74,SJIW7545,3,Hissar,Narnaund,Narnaund,Narnaund#Hissar,A,Narnaund (Narnaund),Narnaund (Narnaund)
75,YUQV2398,3,Hissar,Ratia,Rattia,Rattia#Hissar,A,Rattia (Ratia),Ratia (Rattia)
76,XSLS5020,3,Hissar,Hisar Sub-District,Uklana,Uklana#Hissar,A,Uklana (Hisar Sub-District),Hisar Sub-District (Uklana)
77,QVJS5280,3,Jhajar,Bahadurgarh,Bahadurgarh,Bahadurgarh#Jhajar,A,Bahadurgarh (Bahadurgarh),Bahadurgarh (Bahadurgarh)
78,TVZL3207,3,Jhajar,Jhajjar,Jhajjar,Jhajjar#Jhajar,A,Jhajjar (Jhajjar),Jhajjar (Jhajjar)
79,GFXV6439,3,Jind,Jind,Jind,Jind#Jind,A,Jind (Jind),Jind (Jind)
80,ICYR6592,3,Jind,Narwana,Narwana,Narwana#Jind,A,Narwana (Narwana),Narwana (Narwana)
81,ROJQ4593,3,Jind,Safidon,Safidon,Safidon#Jind,A,Safidon (Safidon),Safidon (Safidon)
82,DRSX4450,3,Kaithal,Guhla,Cheeka,Cheeka#Kaithal,A,Cheeka (Guhla),Guhla (Cheeka)
83,NZBZ9001,3,Kaithal,Fatehpur Pundri,Dhand,Dhand#Kaithal,A,Dhand (Fatehpur Pundri),Fatehpur Pundri (Dhand)
84,UUUT7751,3,Kaithal,Kaithal,Kaithal,Kaithal#Kaithal,A,Kaithal (Kaithal),Kaithal (Kaithal)
85,UTGR8640,3,Kaithal,Kaithal Sub-District,Kalayat,Kalayat#Kaithal,A,Kalayat (Kaithal Sub-District),Kaithal Sub-District (Kalayat)
86,HOOB8515,3,Kaithal,Fatehpur Pundri,Pundri,Pundri#Kaithal,A,Pundri (Fatehpur Pundri),Fatehpur Pundri (Pundri)
87,MUIQ6155,3,Karnal,Assandh,Asandh,Asandh#Karnal,A,Asandh (Assandh),Assandh (Asandh)
88,VYLC8800,3,Karnal,Gharaunda,Gharaunda,Gharaunda#Karnal,A,Gharaunda (Gharaunda),Gharaunda (Gharaunda)
89,SBJS3598,3,Karnal,Indri,Indri,Indri#Karnal,A,Indri (Indri),Indri (Indri)
90,TOKT1402,3,Karnal,Karnal Sub-District,Jundla,Jundla#Karnal,A,Jundla (Karnal Sub-District),Karnal Sub-District (Jundla)
91,OEEE3131,3,Karnal,Karnal,"New Grain Market(main), Karnal","New Grain Market(main), Karnal#Karnal",A,"New Grain Market(main), Karnal (Karnal)","Karnal (New Grain Market(main), Karnal)"
92,AWIN1733,3,Karnal,Nilokheri,Nilokheri,Nilokheri#Karnal,A,Nilokheri (Nilokheri),Nilokheri (Nilokheri)
93,OMSR2446,3,Karnal,Nilokheri Sub-District,Tarori,Tarori#Karnal,A,Tarori (Nilokheri Sub-District),Nilokheri Sub-District (Tarori)
94,GEDA9732,3,Kurukshetra,Thanesar Sub-District,Babain,Babain#Kurukshetra,A,Babain (Thanesar Sub-District),Thanesar Sub-District (Babain)
95,MRIG9177,3,Kurukshetra,Pehowa,Iamailabad,Iamailabad#Kurukshetra,A,Iamailabad (Pehowa),Pehowa (Iamailabad)
96,DFQO7514,3,Kurukshetra,Thanesar Sub-District,Ladwa,Ladwa#Kurukshetra,A,Ladwa (Thanesar Sub-District),Thanesar Sub-District (Ladwa)
97,QTGT1701,3,Kurukshetra,Pehowa,Pehowa,Pehowa#Kurukshetra,A,Pehowa (Pehowa),Pehowa (Pehowa)
98,ORWV3066,3,Kurukshetra,Shahabad,Shahabad,Shahabad#Kurukshetra,A,Shahabad (Shahabad),Shahabad (Shahabad)
99,YJIU9548,3,Kurukshetra,Kurukshetra,Thanesar,Thanesar#Kurukshetra,A,Thanesar (Kurukshetra),Kurukshetra (Thanesar)
100,EURN7416,3,Mahendragarh-Narnaul,Narnaul Sub-District,Ateli,Ateli#Mahendragarh-Narnaul,A,Ateli (Narnaul Sub-District),Narnaul Sub-District (Ateli)
101,YNVQ7403,3,Mahendragarh-Narnaul,Narnaul,Khanina,Khanina#Mahendragarh-Narnaul,A,Khanina (Narnaul),Narnaul (Khanina)
102,YDJP4488,3,Mahendragarh-Narnaul,Narnaul,Mohindergarh,Mohindergarh#Mahendragarh-Narnaul,A,Mohindergarh (Narnaul),Narnaul (Mohindergarh)
103,ZPNH7292,3,Mahendragarh-Narnaul,Narnaul,Narnaul,Narnaul#Mahendragarh-Narnaul,A,Narnaul (Narnaul),Narnaul (Narnaul)
104,JOKW7436,3,Mewat,Hathin,Hathin,Hathin#Mewat,A,Hathin (Hathin),Hathin (Hathin)
105,SSLC2299,3,Mewat,Nuh Sub-District,Nuh,Nuh#Mewat,A,Nuh (Nuh Sub-District),Nuh Sub-District (Nuh)
106,JKFV2975,3,Mewat,Punahana,Punhana,Punhana#Mewat,A,Punhana (Punahana),Punahana (Punhana)
107,WPXT6983,3,Mewat,Taoru,Taura,Taura#Mewat,A,Taura (Taoru),Taoru (Taura)
108,IZYA5283,3,Palwal,Hassanpur,Hassanpur,Hassanpur#Palwal,A,Hassanpur (Hassanpur),Hassanpur (Hassanpur)
109,RYFK4232,3,Palwal,Hodal,Hodal,Hodal#Palwal,A,Hodal (Hodal),Hodal (Hodal)
110,XDWS7410,3,Palwal,Palwal,Palwal,Palwal#Palwal,A,Palwal (Palwal),Palwal (Palwal)
111,SYXI5766,3,Panchkula,Panchkula Sub-District,Barwala,Barwala#Panchkula,A,Barwala (Panchkula Sub-District),Panchkula Sub-District (Barwala)
112,BIEP6037,3,Panchkula,Panchkula,Panchkula,Panchkula#Panchkula,A,Panchkula (Panchkula),Panchkula (Panchkula)
113,ZIRQ7525,3,Panchkula,Panchkula Sub-District,Raipur Rai,Raipur Rai#Panchkula,A,Raipur Rai (Panchkula Sub-District),Panchkula Sub-District (Raipur Rai)
114,QREA8918,3,Panipat,Samalkha Sub-District,Bapauli,Bapauli#Panipat,A,Bapauli (Samalkha Sub-District),Samalkha Sub-District (Bapauli)
115,IPYF3319,3,Panipat,Israna,Israna,Israna#Panipat,A,Israna (Israna),Israna (Israna)
116,SLOD2713,3,Panipat,Panipat Sub-District,Madlauda,Madlauda#Panipat,A,Madlauda (Panipat Sub-District),Panipat Sub-District (Madlauda)
117,JJQA8051,3,Panipat,Panipat,Panipat,Panipat#Panipat,A,Panipat (Panipat),Panipat (Panipat)
118,LENQ8228,3,Panipat,Samalkha,Samalkha,Samalkha#Panipat,A,Samalkha (Samalkha),Samalkha (Samalkha)
119,DKHY4545,3,Rewari,Kosli,Kosli,Kosli#Rewari,A,Kosli (Kosli),Kosli (Kosli)
120,KFUL5009,3,Rewari,Rewari,Rewari,Rewari#Rewari,A,Rewari (Rewari),Rewari (Rewari)
121,TDFU5469,3,Rohtak,Maham,Meham,Meham#Rohtak,A,Meham (Maham),Maham (Meham)
122,EOYC3444,3,Rohtak,Rohtak,"New Grain Market , Rohtak","New Grain Market , Rohtak#Rohtak",A,"New Grain Market , Rohtak (Rohtak)","Rohtak (New Grain Market , Rohtak)"
123,UKQL2832,3,Rohtak,Rohtak,Rohtak,Rohtak#Rohtak,A,Rohtak (Rohtak),Rohtak (Rohtak)
124,RPMG9372,3,Rohtak,Sampla,Sampla,Sampla#Rohtak,A,Sampla (Sampla),Sampla (Sampla)
125,LXSB3126,3,Sirsa,Malout Sub-District,Dabwali,Dabwali#Sirsa,A,Dabwali (Malout Sub-District),Malout Sub-District (Dabwali)
126,YREG3551,3,Sirsa,Ellenabad,Ellanabad,Ellanabad#Sirsa,A,Ellanabad (Ellenabad),Ellenabad (Ellanabad)
127,JIUV5416,3,Sirsa,Rania,Rania,Rania#Sirsa,A,Rania (Rania),Rania (Rania)
128,SUHK4382,3,Sirsa,Sirsa,Sirsa,Sirsa#Sirsa,A,Sirsa (Sirsa),Sirsa (Sirsa)
129,JLWK1834,3,Sirsa,Kalanwali,kalanwali,kalanwali#Sirsa,A,kalanwali (Kalanwali),Kalanwali (kalanwali)
130,NPDG2528,3,Sonipat,Ganaur,Ganaur,Ganaur#Sonipat,A,Ganaur (Ganaur),Ganaur (Ganaur)
131,DAGF1849,3,Sonipat,Gohana,Gohana,Gohana#Sonipat,A,Gohana (Gohana),Gohana (Gohana)
132,HDGY5245,3,Sonipat,Sonipat,Sonepat,Sonepat#Sonipat,A,Sonepat (Sonipat),Sonipat (Sonepat)
133,IDHY8070,3,Sonipat,Kharkhoda,Sonepat(Kharkhoda),Sonepat(Kharkhoda)#Sonipat,A,Sonepat(Kharkhoda) (Kharkhoda),Kharkhoda (Sonepat(Kharkhoda))
134,QPET6819,3,Yamuna Nagar,Bilaspur,Bilaspur,Bilaspur#Yamuna Nagar,A,Bilaspur (Bilaspur),Bilaspur (Bilaspur)
135,PIYI6288,3,Yamuna Nagar,Chhachhrauli,Chhachhrauli(Khizrabad),Chhachhrauli(Khizrabad)#Yamuna Nagar,A,Chhachhrauli(Khizrabad) (Chhachhrauli),Chhachhrauli (Chhachhrauli(Khizrabad))
136,BTEE5151,3,Yamuna Nagar,Chhachhrauli,Chhachrauli,Chhachrauli#Yamuna Nagar,A,Chhachrauli (Chhachhrauli),Chhachhrauli (Chhachrauli)
137,ACYS9490,3,Yamuna Nagar,Yamunanagar,Jagadhri,Jagadhri#Yamuna Nagar,A,Jagadhri (Yamunanagar),Yamunanagar (Jagadhri)
138,RGSO5859,3,Yamuna Nagar,Jagadhri,Mustafabad,Mustafabad#Yamuna Nagar,A,Mustafabad (Jagadhri),Jagadhri (Mustafabad)
139,QDPK2573,3,Yamuna Nagar,Jagadhri,Radaur,Radaur#Yamuna Nagar,A,Radaur (Jagadhri),Jagadhri (Radaur)
140,GORY7786,3,Yamuna Nagar,Bilaspur,Sadhaura,Sadhaura#Yamuna Nagar,A,Sadhaura (Bilaspur),Bilaspur (Sadhaura)
141,EXKN4881,3,Yamuna Nagar,Yamunanagar,Yamuna Nagar,Yamuna Nagar#Yamuna Nagar,A,Yamuna Nagar (Yamunanagar),Yamunanagar (Yamuna Nagar)
142,IMTW9679,6,Bilaspur,Namhol,Namhol(Bilaspur),Namhol(Bilaspur)#Bilaspur,A,Namhol(Bilaspur) (Namhol),Namhol (Namhol(Bilaspur))
143,KEAS9174,6,Chamba,Chamba,Chamba,Chamba#Chamba,A,Chamba (Chamba),Chamba (Chamba)
144,NORK2890,6,Hamirpur,Hamirpur,Hamirpur,Hamirpur#Hamirpur,A,Hamirpur (Hamirpur),Hamirpur (Hamirpur)
145,KVOJ7409,6,Hamirpur,Nadaun,Hamirpur(Nadaun),Hamirpur(Nadaun)#Hamirpur,A,Hamirpur(Nadaun) (Nadaun),Nadaun (Hamirpur(Nadaun))
146,WWRN1574,6,Kangra,Jawalamukhi,Jwalaji,Jwalaji#Kangra,A,Jwalaji (Jawalamukhi),Jawalamukhi (Jwalaji)
147,LLUT2215,6,Kangra,Kangra,Kangra,Kangra#Kangra,A,Kangra (Kangra),Kangra (Kangra)
148,YJCW3258,6,Kangra,Baijnath,Kangra(Baijnath),Kangra(Baijnath)#Kangra,A,Kangra(Baijnath) (Baijnath),Baijnath (Kangra(Baijnath))
149,ZSZS1942,6,Kangra,Jai Singhpur,Kangra(Jaisinghpur),Kangra(Jaisinghpur)#Kangra,A,Kangra(Jaisinghpur) (Jai Singhpur),Jai Singhpur (Kangra(Jaisinghpur))
150,SIYY3422,6,Kangra,Nurpur,Kangra(Jassour),Kangra(Jassour)#Kangra,A,Kangra(Jassour) (Nurpur),Nurpur (Kangra(Jassour))
151,QDJL8933,6,Kangra,Nagrota Bagwan,Kangra(Nagrota Bagwan),Kangra(Nagrota Bagwan)#Kangra,A,Kangra(Nagrota Bagwan) (Nagrota Bagwan),Nagrota Bagwan (Kangra(Nagrota Bagwan))
152,PRIJ5239,6,Kangra,Palampur,Palampur,Palampur#Kangra,A,Palampur (Palampur),Palampur (Palampur)
153,AHMB5583,6,Kullu,Kullu Sub-District,Bandrol,Bandrol#Kullu,A,Bandrol (Kullu Sub-District),Kullu Sub-District (Bandrol)
154,GDQV6663,6,Kullu,Bhuntar,Bhuntar,Bhuntar#Kullu,A,Bhuntar (Bhuntar),Bhuntar (Bhuntar)
155,PCEH5149,6,Kullu,Sainj,Khegsu,Khegsu#Kullu,A,Khegsu (Sainj),Sainj (Khegsu)
156,DQVA1246,6,Kullu,Kullu,Kullu,Kullu#Kullu,A,Kullu (Kullu),Kullu (Kullu)
157,LADO1921,6,Kullu,Kullu,Kullu(Chauri Bihal),Kullu(Chauri Bihal)#Kullu,A,Kullu(Chauri Bihal) (Kullu),Kullu (Kullu(Chauri Bihal))
158,OQUB6775,6,Kullu,Manali Sub-District,Kullu(Patli Kuhal),Kullu(Patli Kuhal)#Kullu,A,Kullu(Patli Kuhal) (Manali Sub-District),Manali Sub-District (Kullu(Patli Kuhal))
159,EPLI2807,6,Mandi,Mandi Sub-District,Chail Chowk,Chail Chowk#Mandi,A,Chail Chowk (Mandi Sub-District),Mandi Sub-District (Chail Chowk)
160,WWUP1630,6,Mandi,Sundarnagar,Dhanotu (Mandi),Dhanotu (Mandi)#Mandi,A,Dhanotu (Mandi) (Sundarnagar),Sundarnagar (Dhanotu (Mandi))
161,RDPF2870,6,Mandi,Mandi Sub-District,Mandi(Mandi),Mandi(Mandi)#Mandi,A,Mandi(Mandi) (Mandi Sub-District),Mandi Sub-District (Mandi(Mandi))
162,HTWR4122,6,Mandi,Aut,Mandi(Takoli),Mandi(Takoli)#Mandi,A,Mandi(Takoli) (Aut),Aut (Mandi(Takoli))
163,NLID4796,6,Shimla,Rohru,Rohroo,Rohroo#Shimla,A,Rohroo (Rohru),Rohru (Rohroo)
164,CYSL3548,6,Shimla,Shimla,Shimla,Shimla#Shimla,A,Shimla (Shimla),Shimla (Shimla)
165,VUZO7332,6,Shimla,Shimla,Shimla and Kinnaur(Koti),Shimla and Kinnaur(Koti)#Shimla,A,Shimla and Kinnaur(Koti) (Shimla),Shimla (Shimla and Kinnaur(Koti))
166,XOOE2348,6,Shimla,Shimla,Shimla and Kinnaur(Nerwa),Shimla and Kinnaur(Nerwa)#Shimla,A,Shimla and Kinnaur(Nerwa) (Shimla),Shimla (Shimla and Kinnaur(Nerwa))
167,YULT8058,6,Shimla,Shimla,Shimla and Kinnaur(Rampur),Shimla and Kinnaur(Rampur)#Shimla,A,Shimla and Kinnaur(Rampur) (Shimla),Shimla (Shimla and Kinnaur(Rampur))
168,MUCS1371,6,Shimla,Theog,Shimla and Kinnaur(Theog),Shimla and Kinnaur(Theog)#Shimla,A,Shimla and Kinnaur(Theog) (Theog),Theog (Shimla and Kinnaur(Theog))
169,PTPP3987,6,Sirmore,Nahan,Nahan,Nahan#Sirmore,A,Nahan (Nahan),Nahan (Nahan)
170,VEKH2923,6,Sirmore,Paonta Sahib,Paonta Sahib,Paonta Sahib#Sirmore,A,Paonta Sahib (Paonta Sahib),Paonta Sahib (Paonta Sahib)
171,XFJF4350,6,Sirmore,Paonta Sahib,Sirmour(Bagthan),Sirmour(Bagthan)#Sirmore,A,Sirmour(Bagthan) (Paonta Sahib),Paonta Sahib (Sirmour(Bagthan))
172,XTMV6822,6,Solan,Solan,Solan,Solan#Solan,A,Solan (Solan),Solan (Solan)
173,ECNG1696,6,Solan,Nalagarh,Solan(Nalagarh),Solan(Nalagarh)#Solan,A,Solan(Nalagarh) (Nalagarh),Nalagarh (Solan(Nalagarh))
174,OYUB2530,6,Solan,Parwanoo,Solan(Parwanoo),Solan(Parwanoo)#Solan,A,Solan(Parwanoo) (Parwanoo),Parwanoo (Solan(Parwanoo))
175,XZCP1457,6,Solan,Solan Sub-District,Solan(Rajgarh),Solan(Rajgarh)#Solan,A,Solan(Rajgarh) (Solan Sub-District),Solan Sub-District (Solan(Rajgarh))
176,GZRX1457,6,Una,Una Sub-District,Santoshgarah,Santoshgarah#Una,A,Santoshgarah (Una Sub-District),Una Sub-District (Santoshgarah)
177,SPHA7826,6,Una,Una Sub-District,Santoshgarh,Santoshgarh#Una,A,Santoshgarh (Una Sub-District),Una Sub-District (Santoshgarh)
178,SARJ8369,6,Una,Una,Una,Una#Una,A,Una (Una),Una (Una)
179,UIFS1699,12,Anantnag,Una,Kulgam,Kulgam#Anantnag,A,Kulgam (Una),Una (Kulgam)
180,XJEW7915,12,Anantnag,Una,Vessue,Vessue#Anantnag,A,Vessue (Una),Una (Vessue)
181,SOAM1996,12,Badgam,Una,Zaloosa-Chararishrief,Zaloosa-Chararishrief#Badgam,A,Zaloosa-Chararishrief (Una),Una (Zaloosa-Chararishrief)
182,MPYT9804,12,Baramulla,Una,Kanispora Baramulla (F&V),Kanispora Baramulla (F&V)#Baramulla,A,Kanispora Baramulla (F&V) (Una),Una (Kanispora Baramulla (F&V))
183,QNKY2585,12,Handwara,Una,Handwara (F&V),Handwara (F&V)#Handwara,A,Handwara (F&V) (Una),Una (Handwara (F&V))
184,IWTV9444,12,Jammu,Pakistan,Akhnoor,Akhnoor#Jammu,A,Akhnoor (Pakistan),Pakistan (Akhnoor)
185,KPGM9036,12,Jammu,Pakistan,Batote,Batote#Jammu,A,Batote (Pakistan),Pakistan (Batote)
186,LWNN6311,12,Jammu,Pakistan,Narwal Jammu (F&V),Narwal Jammu (F&V)#Jammu,A,Narwal Jammu (F&V) (Pakistan),Pakistan (Narwal Jammu (F&V))
187,TWKW5629,12,Jammu,Pakistan,Samba,Samba#Jammu,A,Samba (Pakistan),Pakistan (Samba)
188,JIKM1858,12,Kathua,Pathankot Sub-District,Kathua,Kathua#Kathua,A,Kathua (Pathankot Sub-District),Pathankot Sub-District (Kathua)
189,LZBV4960,12,Nowpora,Pathankot Sub-District,Baramulla,Baramulla#Nowpora,A,Baramulla (Pathankot Sub-District),Pathankot Sub-District (Baramulla)
190,FGUH4442,12,Pulwama,Pathankot Sub-District,Pulwama (F&V),Pulwama (F&V)#Pulwama,A,Pulwama (F&V) (Pathankot Sub-District),Pathankot Sub-District (Pulwama (F&V))
191,ZRPN9642,12,Srinagar,Pathankot Sub-District,Parimpore,Parimpore#Srinagar,A,Parimpore (Pathankot Sub-District),Pathankot Sub-District (Parimpore)
192,ZIEC3754,12,Udhampur,Pathankot Sub-District,Reasi,Reasi#Udhampur,A,Reasi (Pathankot Sub-District),Pathankot Sub-District (Reasi)
193,ESJP5102,12,Udhampur,Pathankot Sub-District,Udhampur,Udhampur#Udhampur,A,Udhampur (Pathankot Sub-District),Pathankot Sub-District (Udhampur)
194,ICFL4923,14,Deogarh,Deoghar,Deoghar,Deoghar#Deogarh,A,Deoghar (Deoghar),Deoghar (Deoghar)
195,ASTO3344,14,Dhanbad,Dhanbad,Dhanbad,Dhanbad#Dhanbad,A,Dhanbad (Dhanbad),Dhanbad (Dhanbad)
196,JUSF4661,14,East Singhbhum,Jamshedpur,Jamshedpur,Jamshedpur#East Singhbhum,A,Jamshedpur (Jamshedpur),Jamshedpur (Jamshedpur)
197,UHXL2395,14,Garhwa,Garhwa,Gadhwah,Gadhwah#Garhwa,A,Gadhwah (Garhwa),Garhwa (Gadhwah)
198,FEHQ1924,14,Giridih,Giridih,Giridih,Giridih#Giridih,A,Giridih (Giridih),Giridih (Giridih)
199,WICJ1220,14,Godda,Godda,Godda,Godda#Godda,A,Godda (Godda),Godda (Godda)
200,YBWN1833,14,Gumla,Gumla,Gumla,Gumla#Gumla,A,Gumla (Gumla),Gumla (Gumla)
201,AIDY9005,14,Hazaribagh,Hazaribagh,Hazaribagh,Hazaribagh#Hazaribagh,A,Hazaribagh (Hazaribagh),Hazaribagh (Hazaribagh)
202,BWVY2612,14,Hazaribagh,Ramgarh,Ramgarh,Ramgarh#Hazaribagh,A,Ramgarh (Ramgarh),Ramgarh (Ramgarh)
203,SIZY9995,14,Koderma,Domchanch,Koderma,Koderma#Koderma,A,Koderma (Domchanch),Domchanch (Koderma)
204,LTDD9951,13,Bangalore,Bengaluru,Binny Mill ,Binny Mill #Bangalore,A,Binny Mill  (Bengaluru),Bengaluru (Binny Mill )
205,DOTL3968,13,Bangalore,Doddaballapur,Doddaballa Pur,Doddaballa Pur#Bangalore,A,Doddaballa Pur (Doddaballapur),Doddaballapur (Doddaballa Pur)
206,DFKI8384,13,Bangalore,Hoskote,Hoskote,Hoskote#Bangalore,A,Hoskote (Hoskote),Hoskote (Hoskote)
207,SKCA2592,13,Hassan,Sakleshpur,Sakaleshpura,Sakaleshpura#Hassan,A,Sakaleshpura (Sakleshpur),Sakleshpur (Sakaleshpura)
208,WSTM1996,13,Mangalore(Dakshin Kannad),Mangaluru,Mangalore,Mangalore#Mangalore(Dakshin Kannad),A,Mangalore (Mangaluru),Mangaluru (Mangalore)
209,VQNK3244,13,Mysore,Mysuru,Mysore (Bandipalya),Mysore (Bandipalya)#Mysore,A,Mysore (Bandipalya) (Mysuru),Mysuru (Mysore (Bandipalya))
210,DRRM4301,13,Shimoga,Sagar,Sagar,Sagar#Shimoga,A,Sagar (Sagar),Sagar (Sagar)
211,PABI7559,13,Shimoga,Shivamogga,Shimoga,Shimoga#Shimoga,A,Shimoga (Shivamogga),Shivamogga (Shimoga)
212,YTXS4086,13,Shimoga,Thirthahalli,Thirthahalli,Thirthahalli#Shimoga,A,Thirthahalli (Thirthahalli),Thirthahalli (Thirthahalli)
213,KEZE1847,13,Udupi,Udupi,Udupi,Udupi#Udupi,A,Udupi (Udupi),Udupi (Udupi)
214,RNFG1518,5,Alappuzha,Alappuzha,Alappuzha,Alappuzha#Alappuzha,A,Alappuzha (Alappuzha),Alappuzha (Alappuzha)
215,GBEM7224,5,Alappuzha,Cherthala,Aroor,Aroor#Alappuzha,A,Aroor (Cherthala),Cherthala (Aroor)
216,PFCX7175,5,Alappuzha,Cherthala,Chanthroor,Chanthroor#Alappuzha,A,Chanthroor (Cherthala),Cherthala (Chanthroor)
217,DHTH3566,5,Alappuzha,Cherthala,Cherthala,Cherthala#Alappuzha,A,Cherthala (Cherthala),Cherthala (Cherthala)
218,SGNL2160,5,Alappuzha,Karthikappally,Harippad,Harippad#Alappuzha,A,Harippad (Karthikappally),Karthikappally (Harippad)
219,BIEX8039,5,Alappuzha,Chengannur,Mannar,Mannar#Alappuzha,A,Mannar (Chengannur),Chengannur (Mannar)
220,QFLB7128,5,Alleppey,Alappuzha,Dhara,Dhara#Alleppey,A,Dhara (Alappuzha),Alappuzha (Dhara)
221,JXJI3761,5,Ernakulam,Ernakulam,Ernakulam,Ernakulam#Ernakulam,A,Ernakulam (Ernakulam),Ernakulam (Ernakulam)
222,EYBI4108,5,Ernakulam,Muvattupuzha,Piravam,Piravam#Ernakulam,A,Piravam (Muvattupuzha),Muvattupuzha (Piravam)
223,MWCI6920,5,Idukki,Devikulam,Adimali,Adimali#Idukki,A,Adimali (Devikulam),Devikulam (Adimali)
224,BQEJ4864,5,Idukki,Udumbanchola,Kattappana,Kattappana#Idukki,A,Kattappana (Udumbanchola),Udumbanchola (Kattappana)
225,EKAG4880,5,Idukki,Devikulam,Munnar,Munnar#Idukki,A,Munnar (Devikulam),Devikulam (Munnar)
226,RMDC1293,5,Idukki,Udumbanchola,Nedumkandam,Nedumkandam#Idukki,A,Nedumkandam (Udumbanchola),Udumbanchola (Nedumkandam)
227,SAGC3427,5,Idukki,Thodupuzha,Thodupuzha,Thodupuzha#Idukki,A,Thodupuzha (Thodupuzha),Thodupuzha (Thodupuzha)
228,NXUB5354,5,Idukki,Peerumade,Vandiperiyar,Vandiperiyar#Idukki,A,Vandiperiyar (Peerumade),Peerumade (Vandiperiyar)
229,DYHT8184,5,Kannur,Kannur,Kannur,Kannur#Kannur,A,Kannur (Kannur),Kannur (Kannur)
230,JGAR6938,5,Kannur,Thalassery,Thalasserry,Thalasserry#Kannur,A,Thalasserry (Thalassery),Thalassery (Thalasserry)
231,WPEW3309,5,Kollam,Pathanapuram,Anchal,Anchal#Kollam,A,Anchal (Pathanapuram),Pathanapuram (Anchal)
232,GICU1285,5,Kollam,Kollam Sub-District,Chathanoor,Chathanoor#Kollam,A,Chathanoor (Kollam Sub-District),Kollam Sub-District (Chathanoor)
233,VMNH2189,5,Kollam,Kollam,Kollam,Kollam#Kollam,A,Kollam (Kollam),Kollam (Kollam)
234,UBFC9172,5,Kollam,Kottarakkara,Kottarakkara,Kottarakkara#Kollam,A,Kottarakkara (Kottarakkara),Kottarakkara (Kottarakkara)
235,ANRQ9525,5,Kollam,Pathanapuram,Punalur,Punalur#Kollam,A,Punalur (Pathanapuram),Pathanapuram (Punalur)
236,JMET7380,5,Kollam,Karunagappally,Sasthamkotta,Sasthamkotta#Kollam,A,Sasthamkotta (Karunagappally),Karunagappally (Sasthamkotta)
237,WYVA3939,5,Kottayam,Kottayam Sub-District,Athirampuzha,Athirampuzha#Kottayam,A,Athirampuzha (Kottayam Sub-District),Kottayam Sub-District (Athirampuzha)
238,PBSU9098,5,Kozhikode(Calicut),Kozhikode Sub-District,Mukkom,Mukkom#Kozhikode(Calicut),A,Mukkom (Kozhikode Sub-District),Kozhikode Sub-District (Mukkom)
239,ESOC7944,5,Malappuram,Ernad,Kondotty,Kondotty#Malappuram,A,Kondotty (Ernad),Ernad (Kondotty)
240,WOXG2106,5,Malappuram,Tirur,Kottakkal,Kottakkal#Malappuram,A,Kottakkal (Tirur),Tirur (Kottakkal)
241,HDEA3977,5,Malappuram,Ernad,Manjeri,Manjeri#Malappuram,A,Manjeri (Ernad),Ernad (Manjeri)
242,IFXD8033,5,Malappuram,Tirurangadi,Parappanangadi,Parappanangadi#Malappuram,A,Parappanangadi (Tirurangadi),Tirurangadi (Parappanangadi)
243,MQOW7683,5,Malappuram,Perinthalmanna,Perinthalmanna,Perinthalmanna#Malappuram,A,Perinthalmanna (Perinthalmanna),Perinthalmanna (Perinthalmanna)
244,HKGH3114,5,Malappuram,Tirurangadi,Thirurrangadi,Thirurrangadi#Malappuram,A,Thirurrangadi (Tirurangadi),Tirurangadi (Thirurrangadi)
245,OKWV3052,5,Palakad,Chittur,Koduvayoor,Koduvayoor#Palakad,A,Koduvayoor (Chittur),Chittur (Koduvayoor)
246,ACXO6706,5,Thiruvananthapuram,Thiruvananthapuram,Chala,Chala#Thiruvananthapuram,A,Chala (Thiruvananthapuram),Thiruvananthapuram (Chala)
247,DTWI2324,5,Thiruvananthapuram,Neyyattinkara,Kattakada,Kattakada#Thiruvananthapuram,A,Kattakada (Neyyattinkara),Neyyattinkara (Kattakada)
248,UFZP7887,5,Thiruvananthapuram,Nedumangad,Nedumangadu,Nedumangadu#Thiruvananthapuram,A,Nedumangadu (Nedumangad),Nedumangad (Nedumangadu)
249,VCXG3009,5,Thiruvananthapuram,Thiruvananthapuram,Pothencode,Pothencode#Thiruvananthapuram,A,Pothencode (Thiruvananthapuram),Thiruvananthapuram (Pothencode)
250,VOBW2140,5,Thiruvananthapuram,Thiruvananthapuram,Thiruvananthapuram,Thiruvananthapuram#Thiruvananthapuram,A,Thiruvananthapuram (Thiruvananthapuram),Thiruvananthapuram (Thiruvananthapuram)
251,HJOX6767,5,Thiruvananthapuram,Nedumangad,Vamanapuram,Vamanapuram#Thiruvananthapuram,A,Vamanapuram (Nedumangad),Nedumangad (Vamanapuram)
252,RPTQ3842,4,Ashoknagar,Ashoknagar,Ashoknagar,Ashoknagar#Ashoknagar,A,Ashoknagar (Ashoknagar),Ashoknagar (Ashoknagar)
253,MNMZ6141,4,Ashoknagar,Mungaoli,Mungawali,Mungawali#Ashoknagar,A,Mungawali (Mungaoli),Mungaoli (Mungawali)
254,YSVJ2495,4,Balaghat,Balaghat,Balaghat,Balaghat#Balaghat,A,Balaghat (Balaghat),Balaghat (Balaghat)
255,RYWJ2595,4,Balaghat,Katangi,Katangi,Katangi#Balaghat,A,Katangi (Katangi),Katangi (Katangi)
256,FKDQ8132,4,Balaghat,Waraseoni,Varaseoni,Varaseoni#Balaghat,A,Varaseoni (Waraseoni),Waraseoni (Varaseoni)
257,OZCH2656,4,Bhind,Bhind,Bhind,Bhind#Bhind,A,Bhind (Bhind),Bhind (Bhind)
258,OJFH2522,4,Bhind,Gohad,Gohad,Gohad#Bhind,A,Gohad (Gohad),Gohad (Gohad)
259,TXFP5907,4,Bhind,Lahar,Lahar,Lahar#Bhind,A,Lahar (Lahar),Lahar (Lahar)
260,VWQS9001,4,Bhopal,Bhopal,Bhopal(F&V),Bhopal(F&V)#Bhopal,A,Bhopal(F&V) (Bhopal),Bhopal (Bhopal(F&V))
261,YBDU3637,4,Burhanpur,Burhanpur,Burhanpur(F&V),Burhanpur(F&V)#Burhanpur,A,Burhanpur(F&V) (Burhanpur),Burhanpur (Burhanpur(F&V))
262,KWQO7932,4,Chhindwara,Chaurai,Chaurai,Chaurai#Chhindwara,A,Chaurai (Chaurai),Chaurai (Chaurai)
263,FGDM2960,4,Chhindwara,Chhindwara,Chhindwara,Chhindwara#Chhindwara,A,Chhindwara (Chhindwara),Chhindwara (Chhindwara)
264,GZKM1276,4,Chhindwara,Pandhurna,Pandhurna,Pandhurna#Chhindwara,A,Pandhurna (Pandhurna),Pandhurna (Pandhurna)
265,XMQO1856,4,Chhindwara,Sausar,Saunsar,Saunsar#Chhindwara,A,Saunsar (Sausar),Sausar (Saunsar)
266,VODE5165,4,Damoh,Damoh,Damoh,Damoh#Damoh,A,Damoh (Damoh),Damoh (Damoh)
267,WRKZ2667,4,Damoh,Damoh,Damoh(F&V),Damoh(F&V)#Damoh,A,Damoh(F&V) (Damoh),Damoh (Damoh(F&V))
268,EDVZ7039,4,Datia,Datia Sub-District,Datia,Datia#Datia,A,Datia (Datia Sub-District),Datia Sub-District (Datia)
269,PIOV4608,4,Datia,Datia Sub-District,Sevda,Sevda#Datia,A,Sevda (Datia Sub-District),Datia Sub-District (Sevda)
270,IHKE9751,4,Dindori,Dindori,Dindori,Dindori#Dindori,A,Dindori (Dindori),Dindori (Dindori)
271,ZLGH7383,4,Dindori,Dindori,Gorakhpur,Gorakhpur#Dindori,A,Gorakhpur (Dindori),Dindori (Gorakhpur)
272,JQGM9572,4,Guna,Aron,Aron,Aron#Guna,A,Aron (Aron),Aron (Aron)
273,TGTN4818,4,Guna,Chachaura,Binaganj,Binaganj#Guna,A,Binaganj (Chachaura),Chachaura (Binaganj)
274,GYKS7197,4,Guna,Guna,Guna,Guna#Guna,A,Guna (Guna),Guna (Guna)
275,AYVI5873,4,Guna,Kumbhraj,Kumbhraj,Kumbhraj#Guna,A,Kumbhraj (Kumbhraj),Kumbhraj (Kumbhraj)
276,WXKX9597,4,Guna,Maksoodangarh,Maksudangarh,Maksudangarh#Guna,A,Maksudangarh (Maksoodangarh),Maksoodangarh (Maksudangarh)
277,NTFI2564,4,Gwalior,Dabra,Dabra,Dabra#Gwalior,A,Dabra (Dabra),Dabra (Dabra)
278,USRF4725,4,Gwalior,Gwalior,Lashkar,Lashkar#Gwalior,A,Lashkar (Gwalior),Gwalior (Lashkar)
279,PGID4646,4,Harda,Harda,Harda,Harda#Harda,A,Harda (Harda),Harda (Harda)
280,XQYS5816,4,Harda,Harda Sub-District,Harda(F&V),Harda(F&V)#Harda,A,Harda(F&V) (Harda Sub-District),Harda Sub-District (Harda(F&V))
281,NZLC8877,4,Indore,Indore,Indore,Indore#Indore,A,Indore (Indore),Indore (Indore)
282,ILAA9602,4,Indore,Indore,Indore(F&V),Indore(F&V)#Indore,A,Indore(F&V) (Indore),Indore (Indore(F&V))
283,TGTL7008,4,Jabalpur,Jabalpur,Jabalpur,Jabalpur#Jabalpur,A,Jabalpur (Jabalpur),Jabalpur (Jabalpur)
284,YFVH5594,4,Jabalpur,Majholi,Sehora,Sehora#Jabalpur,A,Sehora (Majholi),Majholi (Sehora)
285,UNYV5496,4,Jabalpur,Shahpura,Shahpura(Jabalpur),Shahpura(Jabalpur)#Jabalpur,A,Shahpura(Jabalpur) (Shahpura),Shahpura (Shahpura(Jabalpur))
286,NLEY9505,4,Katni,Murwara,Katni,Katni#Katni,A,Katni (Murwara),Murwara (Katni)
287,GMQC3918,4,Mandla,Mandla,Mandla,Mandla#Mandla,A,Mandla (Mandla),Mandla (Mandla)
288,HSWT8777,4,Morena,Joura,Jora,Jora#Morena,A,Jora (Joura),Joura (Jora)
289,KAWG3680,4,Morena,Kailaras,Kailaras,Kailaras#Morena,A,Kailaras (Kailaras),Kailaras (Kailaras)
290,DEGW8610,4,Morena,Morena,Morena,Morena#Morena,A,Morena (Morena),Morena (Morena)
291,KNYC5765,4,Morena,Morena,Morena(F&V),Morena(F&V)#Morena,A,Morena(F&V) (Morena),Morena (Morena(F&V))
292,NAEW8972,4,Morena,Porsa,Porsa,Porsa#Morena,A,Porsa (Porsa),Porsa (Porsa)
293,TJKW6076,4,Morena,Porsa,Porsa(F&V),Porsa(F&V)#Morena,A,Porsa(F&V) (Porsa),Porsa (Porsa(F&V))
294,LHVX8399,4,Morena,Sabalgarh,Sabalgarh,Sabalgarh#Morena,A,Sabalgarh (Sabalgarh),Sabalgarh (Sabalgarh)
295,RDNW2433,4,Narsinghpur,Gadarwara,Gadarwada,Gadarwada#Narsinghpur,A,Gadarwada (Gadarwara),Gadarwara (Gadarwada)
296,EYLL5287,4,Narsinghpur,Gotegaon,Gotegaon,Gotegaon#Narsinghpur,A,Gotegaon (Gotegaon),Gotegaon (Gotegaon)
297,TYSV3918,4,Narsinghpur,Kareli,Kareli,Kareli#Narsinghpur,A,Kareli (Kareli),Kareli (Kareli)
298,FXBO7618,4,Narsinghpur,Narsimhapur,Narsinghpur,Narsinghpur#Narsinghpur,A,Narsinghpur (Narsimhapur),Narsimhapur (Narsinghpur)
299,HQZX6169,4,Ratlam,Alot,A lot,A lot#Ratlam,A,A lot (Alot),Alot (A lot)
300,ISQO8153,4,Sagar,Sagar,Sagar,Sagar#Sagar,A,Sagar (Sagar),Sagar (Sagar)
301,MPQB4481,4,Seoni,Keolari,Keolari,Keolari#Seoni,A,Keolari (Keolari),Keolari (Keolari)
302,MEIB4104,4,Seoni,Seoni,Seoni,Seoni#Seoni,A,Seoni (Seoni),Seoni (Seoni)
303,ZVRT7808,4,Shajapur,Agar,Agar,Agar#Shajapur,A,Agar (Agar),Agar (Agar)
304,ORQP5395,4,Sheopur,Sheopur,Sheopurbadod,Sheopurbadod#Sheopur,A,Sheopurbadod (Sheopur),Sheopur (Sheopurbadod)
305,YKEG2203,4,Sheopur,Sheopur,Sheopurkalan,Sheopurkalan#Sheopur,A,Sheopurkalan (Sheopur),Sheopur (Sheopurkalan)
306,QRWC2217,4,Sheopur,Sheopur,Syopurkalan,Syopurkalan#Sheopur,A,Syopurkalan (Sheopur),Sheopur (Syopurkalan)
307,ZYEL9748,4,Shivpuri,Badarwas,Badarwas,Badarwas#Shivpuri,A,Badarwas (Badarwas),Badarwas (Badarwas)
308,YOXK7346,4,Shivpuri,Karera,Karera,Karera#Shivpuri,A,Karera (Karera),Karera (Karera)
309,GDXT1887,4,Shivpuri,Khaniyadhana,Khaniadhana,Khaniadhana#Shivpuri,A,Khaniadhana (Khaniyadhana),Khaniyadhana (Khaniadhana)
310,QBGS3924,4,Shivpuri,Kolaras,Kolaras,Kolaras#Shivpuri,A,Kolaras (Kolaras),Kolaras (Kolaras)
311,NRVC5040,4,Shivpuri,Narwar,Magroni,Magroni#Shivpuri,A,Magroni (Narwar),Narwar (Magroni)
312,CYOS4595,4,Shivpuri,Pichhore,Pichhour,Pichhour#Shivpuri,A,Pichhour (Pichhore),Pichhore (Pichhour)
313,JQVB3307,4,Shivpuri,Pohari,Pohari,Pohari#Shivpuri,A,Pohari (Pohari),Pohari (Pohari)
314,IZBT9331,4,Shivpuri,Shivpuri,Shivpuri,Shivpuri#Shivpuri,A,Shivpuri (Shivpuri),Shivpuri (Shivpuri)
315,BWBG2474,4,Ujjain,Ujjain,Ujjain,Ujjain#Ujjain,A,Ujjain (Ujjain),Ujjain (Ujjain)
316,VAGP4390,4,Ujjain,Ujjain,Ujjain(F&V),Ujjain(F&V)#Ujjain,A,Ujjain(F&V) (Ujjain),Ujjain (Ujjain(F&V))
317,EXLO4870,7,Ahmednagar,Rahuri,Rahuri,Rahuri#Ahmednagar,A,Rahuri (Rahuri),Rahuri (Rahuri)
318,FEUF1873,7,Amarawati,Amravati,Amarawati,Amarawati#Amarawati,A,Amarawati (Amravati),Amravati (Amarawati)
319,JFBG8569,7,Amarawati,Amravati,Amrawati(Frui & Veg. Market),Amrawati(Frui & Veg. Market)#Amarawati,A,Amrawati(Frui & Veg. Market) (Amravati),Amravati (Amrawati(Frui & Veg. Market))
320,VHMC6883,7,Aurangabad,Aurangabad,Aurangabad,Aurangabad#Aurangabad,A,Aurangabad (Aurangabad),Aurangabad (Aurangabad)
321,QDUI6385,7,Chandrapur,Chandrapur,Chandrapur,Chandrapur#Chandrapur,A,Chandrapur (Chandrapur),Chandrapur (Chandrapur)
322,RABG4136,7,Chandrapur,Chandrapur,Chandrapur(Ganjwad),Chandrapur(Ganjwad)#Chandrapur,A,Chandrapur(Ganjwad) (Chandrapur),Chandrapur (Chandrapur(Ganjwad))
323,EDSI4164,7,Jalana,Jalna,Jalana,Jalana#Jalana,A,Jalana (Jalna),Jalna (Jalana)
324,KBRW7424,7,Jalgaon,Jalgaon,Jalgaon,Jalgaon#Jalgaon,A,Jalgaon (Jalgaon),Jalgaon (Jalgaon)
325,NZTR8493,7,Kolhapur,Kolhapur,Kolhapur,Kolhapur#Kolhapur,A,Kolhapur (Kolhapur),Kolhapur (Kolhapur)
326,LGSE7749,7,Mumbai,Mumbai,All India Cottonseed Crushers Association,All India Cottonseed Crushers Association#Mumbai,A,All India Cottonseed Crushers Association (Mumbai),Mumbai (All India Cottonseed Crushers Association)
327,ZBNX6460,7,Mumbai,Mumbai,Fruit Market,Fruit Market#Mumbai,A,Fruit Market (Mumbai),Mumbai (Fruit Market)
328,MZXH1298,7,Mumbai,Mumbai,Mumbai,Mumbai#Mumbai,A,Mumbai (Mumbai),Mumbai (Mumbai)
329,MWCO6365,7,Mumbai,Navi Mumbai,Vashi New Mumbai,Vashi New Mumbai#Mumbai,A,Vashi New Mumbai (Navi Mumbai),Navi Mumbai (Vashi New Mumbai)
330,PWRF3744,7,Nagpur,Nagpur,Nagpur,Nagpur#Nagpur,A,Nagpur (Nagpur),Nagpur (Nagpur)
331,PHZC5182,7,Nashik,Nashik,Nasik,Nasik#Nashik,A,Nasik (Nashik),Nashik (Nasik)
332,NCTU8717,7,Parbhani,Parbhani,Parbhani,Parbhani#Parbhani,A,Parbhani (Parbhani),Parbhani (Parbhani)
333,TYAL3216,7,Pune,Pune,Pune,Pune#Pune,A,Pune (Pune),Pune (Pune)
334,MQWH7242,7,Sangli,Atpadi,Aatpadi,Aatpadi#Sangli,A,Aatpadi (Atpadi),Atpadi (Aatpadi)
335,MJPQ9119,7,Sangli,Sangli,Sangli,Sangli#Sangli,A,Sangli (Sangli),Sangli (Sangli)
336,YDXM3862,7,Sangli,Sangli,"Sangli(Phale, Bhajipura Market)","Sangli(Phale, Bhajipura Market)#Sangli",A,"Sangli(Phale, Bhajipura Market) (Sangli)","Sangli (Sangli(Phale, Bhajipura Market))"
337,QJZS7679,7,Satara,Karad,Karad,Karad#Satara,A,Karad (Karad),Karad (Karad)
338,NEJB5115,7,Satara,Satara,Satara,Satara#Satara,A,Satara (Satara),Satara (Satara)
339,HSCX3827,7,Sholapur,Solapur,Solapur,Solapur#Sholapur,A,Solapur (Solapur),Solapur (Solapur)
340,GXWV3830,7,Thane,Kalyan,Kalyan,Kalyan#Thane,A,Kalyan (Kalyan),Kalyan (Kalyan)
341,THBH1356,7,Thane,Ulhasnagar,Ulhasnagar,Ulhasnagar#Thane,A,Ulhasnagar (Ulhasnagar),Ulhasnagar (Ulhasnagar)
342,FBMF5807,7,Yavatmal,Arni,Aarni,Aarni#Yavatmal,A,Aarni (Arni),Arni (Aarni)
343,TJVL6946,29,Kamrup,Azara,P.O. Uparhali Guwahati,P.O. Uparhali Guwahati#Kamrup,A,P.O. Uparhali Guwahati (Azara),Azara (P.O. Uparhali Guwahati)
344,AOEG7451,31,Hassan,Joplin,Hassan,Hassan#Hassan,A,Hassan (Joplin),Joplin (Hassan)
345,VOOF5193,24,Aizawl,Aizawl,New Market Aizawl,New Market Aizawl#Aizawl,A,New Market Aizawl (Aizawl),Aizawl (New Market Aizawl)
346,MTYJ7759,26,Dimapur,Dimapur,4th Mile Dimapur,4th Mile Dimapur#Dimapur,A,4th Mile Dimapur (Dimapur),Dimapur (4th Mile Dimapur)
347,HXDO9857,10,Angul,Nalco,Angaura,Angaura#Angul,A,Angaura (Nalco),Nalco (Angaura)
348,XSCP9357,10,Angul,Talcher Sadar,Talcher,Talcher#Angul,A,Talcher (Talcher Sadar),Talcher Sadar (Talcher)
349,IWWY6097,10,Boudh,Baudh Sadar,Boudh,Boudh#Boudh,A,Boudh (Baudh Sadar),Baudh Sadar (Boudh)
350,ZPMU6830,10,Deogarh,Debagarh,Deogarh,Deogarh#Deogarh,A,Deogarh (Debagarh),Debagarh (Deogarh)
351,PJCG9533,10,Gajapati,Parlakhemundi,Parlakhemundi,Parlakhemundi#Gajapati,A,Parlakhemundi (Parlakhemundi),Parlakhemundi (Parlakhemundi)
352,HDFX8012,10,Jajpur,Jajapur,Jajpur,Jajpur#Jajpur,A,Jajpur (Jajapur),Jajapur (Jajpur)
353,ABET6869,10,Kalahandi,Jayapatna,Mukhiguda,Mukhiguda#Kalahandi,A,Mukhiguda (Jayapatna),Jayapatna (Mukhiguda)
354,NNZQ4439,10,Keonjhar,Ghatgaon,Keonjhar(Dhekikote),Keonjhar(Dhekikote)#Keonjhar,A,Keonjhar(Dhekikote) (Ghatgaon),Ghatgaon (Keonjhar(Dhekikote))
355,WUIT5234,10,Mayurbhanja,Baripada,Baripada,Baripada#Mayurbhanja,A,Baripada (Baripada),Baripada (Baripada)
356,XQLA6052,10,Mayurbhanja,Karanjia,Karanjia,Karanjia#Mayurbhanja,A,Karanjia (Karanjia),Karanjia (Karanjia)
357,IABC7135,10,Nowarangpur,Nabarangapur,Nawarangpur,Nawarangpur#Nowarangpur,A,Nawarangpur (Nabarangapur),Nabarangapur (Nawarangpur)
358,DQOT1733,10,Nuapada,Jonk,Khariar Road,Khariar Road#Nuapada,A,Khariar Road (Jonk),Jonk (Khariar Road)
359,LFOQ1771,10,Puri,Satyabadi(P),Sakhigopal,Sakhigopal#Puri,A,Sakhigopal (Satyabadi(P)),Satyabadi(P) (Sakhigopal)
360,MHPN3870,10,Rayagada,Gunupur,Gunpur,Gunpur#Rayagada,A,Gunpur (Gunupur),Gunupur (Gunpur)
361,HMFO5734,10,Rayagada,Rayagada,Rayagada,Rayagada#Rayagada,A,Rayagada (Rayagada),Rayagada (Rayagada)
362,QACS1363,10,Rayagada,Muniguda(P),Rayagada(Muniguda),Rayagada(Muniguda)#Rayagada,A,Rayagada(Muniguda) (Muniguda(P)),Muniguda(P) (Rayagada(Muniguda))
363,ZOVV1600,10,Sundergarh,Sundargarh,Bonai,Bonai#Sundergarh,A,Bonai (Sundargarh),Sundargarh (Bonai)
364,HDHO8487,Punjab,Amritsar,Amritsar,Amritsar,Amritsar#Amritsar,A,Amritsar (Amritsar),Amritsar (Amritsar)
365,LSDU5228,Punjab,Amritsar,Amritsar,Amritsar(Amritsar Mewa Mandi),Amritsar(Amritsar Mewa Mandi)#Amritsar,A,Amritsar(Amritsar Mewa Mandi) (Amritsar),Amritsar (Amritsar(Amritsar Mewa Mandi))
366,LBMB6342,Punjab,Barnala,Barnala,Barnala,Barnala#Barnala,A,Barnala (Barnala),Barnala (Barnala)
367,PSVT6891,Punjab,Barnala,Tapa,Tapa,Tapa#Barnala,A,Tapa (Tapa),Tapa (Tapa)
368,IXWZ7232,Punjab,Barnala,Tapa,Tapa(Sadar Bazar),Tapa(Sadar Bazar)#Barnala,A,Tapa(Sadar Bazar) (Tapa),Tapa (Tapa(Sadar Bazar))
369,YCKH3978,Punjab,Bhatinda,Bathinda,Bathinda,Bathinda#Bhatinda,A,Bathinda (Bathinda),Bathinda (Bathinda)
370,NPLJ2416,Punjab,Bhatinda,Rampura Phul,Bhagta Bhai Ka,Bhagta Bhai Ka#Bhatinda,A,Bhagta Bhai Ka (Rampura Phul),Rampura Phul (Bhagta Bhai Ka)
371,RDCX7914,Punjab,Bhatinda,Bathinda Sub-District,Bhucho,Bhucho#Bhatinda,A,Bhucho (Bathinda Sub-District),Bathinda Sub-District (Bhucho)
372,HQZO7102,Punjab,Bhatinda,Talwandi Sabo,Maur,Maur#Bhatinda,A,Maur (Talwandi Sabo),Talwandi Sabo (Maur)
373,AGVW2740,Punjab,Bhatinda,Talwandi Sabo,Raman,Raman#Bhatinda,A,Raman (Talwandi Sabo),Talwandi Sabo (Raman)
374,QGPR2075,Punjab,Bhatinda,Rampura Phul,Rampura Phul,Rampura Phul#Bhatinda,A,Rampura Phul (Rampura Phul),Rampura Phul (Rampura Phul)
375,IYOY7014,Punjab,Bhatinda,Rampura Phul,Rampuraphul(Nabha Mandi),Rampuraphul(Nabha Mandi)#Bhatinda,A,Rampuraphul(Nabha Mandi) (Rampura Phul),Rampura Phul (Rampuraphul(Nabha Mandi))
376,YUAB9644,Punjab,Bhatinda,Bathinda Sub-District,Sangat,Sangat#Bhatinda,A,Sangat (Bathinda Sub-District),Bathinda Sub-District (Sangat)
377,YQCQ1393,Punjab,Bhatinda,Talwandi Sabo,Talwandi Sabo,Talwandi Sabo#Bhatinda,A,Talwandi Sabo (Talwandi Sabo),Talwandi Sabo (Talwandi Sabo)
378,OTVY9846,Punjab,Faridkot,Kot Kapura,Faridkot,Faridkot#Faridkot,A,Faridkot (Kot Kapura),Kot Kapura (Faridkot)
379,IWUD5748,Punjab,Faridkot,Kot Kapura,Kotkapura,Kotkapura#Faridkot,A,Kotkapura (Kot Kapura),Kot Kapura (Kotkapura)
380,PILU6232,Punjab,Faridkot,Faridkot Sub-District,Sadiq,Sadiq#Faridkot,A,Sadiq (Faridkot Sub-District),Faridkot Sub-District (Sadiq)
381,QFXY1671,Punjab,Fatehgarh,Bassi Pathana,Bassi Pathana,Bassi Pathana#Fatehgarh,A,Bassi Pathana (Bassi Pathana),Bassi Pathana (Bassi Pathana)
382,RQXK2378,Punjab,Fatehgarh,Sirhind Fatehgarh Sahib,Sirhind,Sirhind#Fatehgarh,A,Sirhind (Sirhind Fatehgarh Sahib),Sirhind Fatehgarh Sahib (Sirhind)
383,TSXS5290,Punjab,Fazilka,Abohar,Abohar,Abohar#Fazilka,A,Abohar (Abohar),Abohar (Abohar)
384,DFZB9583,Punjab,Fazilka,Fazilka,Fazilka,Fazilka#Fazilka,A,Fazilka (Fazilka),Fazilka (Fazilka)
385,JDMW1751,Punjab,Fazilka,Fazilka Sub-District,Fazilka (Ladhuka),Fazilka (Ladhuka)#Fazilka,A,Fazilka (Ladhuka) (Fazilka Sub-District),Fazilka Sub-District (Fazilka (Ladhuka))
386,QDVS5120,Punjab,Fazilka,Jalalabad,Jalalabad,Jalalabad#Fazilka,A,Jalalabad (Jalalabad),Jalalabad (Jalalabad)
387,FVEQ5735,Punjab,Ferozpur,Firozepur,Ferozepur Cantt.,Ferozepur Cantt.#Ferozpur,A,Ferozepur Cantt. (Firozepur),Firozepur (Ferozepur Cantt.)
388,GFQJ6934,Punjab,Ferozpur,Firozepur,Firozepur City,Firozepur City#Ferozpur,A,Firozepur City (Firozepur),Firozepur (Firozepur City)
389,XVTE2772,Punjab,Ferozpur,Guru Har Sahai,Guru Har Sahai,Guru Har Sahai#Ferozpur,A,Guru Har Sahai (Guru Har Sahai),Guru Har Sahai (Guru Har Sahai)
390,OUTT5537,Punjab,Ferozpur,Zira,Makhu,Makhu#Ferozpur,A,Makhu (Zira),Zira (Makhu)
391,ESUX3186,Punjab,Ferozpur,Firozepur Sub-District,Mamdot,Mamdot#Ferozpur,A,Mamdot (Firozepur Sub-District),Firozepur Sub-District (Mamdot)
392,FXZL8328,Punjab,Ferozpur,Firozepur Sub-District,Mamdot(Tibbi Khurd),Mamdot(Tibbi Khurd)#Ferozpur,A,Mamdot(Tibbi Khurd) (Firozepur Sub-District),Firozepur Sub-District (Mamdot(Tibbi Khurd))
393,ILDF6723,Punjab,Ferozpur,Zira,Zira,Zira#Ferozpur,A,Zira (Zira),Zira (Zira)
394,PTFX9693,Punjab,Gurdaspur,Batala,Batala,Batala#Gurdaspur,A,Batala (Batala),Batala (Batala)
395,QXPM8977,Punjab,Gurdaspur,Gurdaspur Sub-District,Dinanagar,Dinanagar#Gurdaspur,A,Dinanagar (Gurdaspur Sub-District),Gurdaspur Sub-District (Dinanagar)
396,NPEK6236,Punjab,Gurdaspur,Batala Sub-District,F.G.Churian,F.G.Churian#Gurdaspur,A,F.G.Churian (Batala Sub-District),Batala Sub-District (F.G.Churian)
397,KBGH9171,Punjab,Gurdaspur,Gurdaspur,Gurdaspur,Gurdaspur#Gurdaspur,A,Gurdaspur (Gurdaspur),Gurdaspur (Gurdaspur)
398,ELGK9001,Punjab,Gurdaspur,Qadian,Quadian,Quadian#Gurdaspur,A,Quadian (Qadian),Qadian (Quadian)
399,ZTBX9486,Punjab,Hoshiarpur,Dasua,Dasuya,Dasuya#Hoshiarpur,A,Dasuya (Dasua),Dasua (Dasuya)
400,XPIE7663,Punjab,Hoshiarpur,Garhshankar,Garh Shankar,Garh Shankar#Hoshiarpur,A,Garh Shankar (Garhshankar),Garhshankar (Garh Shankar)
401,BHFP9526,Punjab,Hoshiarpur,Garhshankar,Garh Shankar(Mahalpur),Garh Shankar(Mahalpur)#Hoshiarpur,A,Garh Shankar(Mahalpur) (Garhshankar),Garhshankar (Garh Shankar(Mahalpur))
402,CKIX8559,Punjab,Hoshiarpur,Hoshiarpur,Hoshiarpur,Hoshiarpur#Hoshiarpur,A,Hoshiarpur (Hoshiarpur),Hoshiarpur (Hoshiarpur)
403,UEDP7151,Punjab,Hoshiarpur,Mukerian,Mukerian,Mukerian#Hoshiarpur,A,Mukerian (Mukerian),Mukerian (Mukerian)
404,RSPL9337,Punjab,Hoshiarpur,Mukerian,Mukerian(Talwara),Mukerian(Talwara)#Hoshiarpur,A,Mukerian(Talwara) (Mukerian),Mukerian (Mukerian(Talwara))
405,EJJM7984,Punjab,Hoshiarpur,Dasua Sub-District,Tanda Urmur,Tanda Urmur#Hoshiarpur,A,Tanda Urmur (Dasua Sub-District),Dasua Sub-District (Tanda Urmur)
406,KOFY9602,Punjab,Jalandhar,Adampur,Adampur,Adampur#Jalandhar,A,Adampur (Adampur),Adampur (Adampur)
407,YGTR2465,Punjab,Jalandhar,Phillaur,Goraya,Goraya#Jalandhar,A,Goraya (Phillaur),Phillaur (Goraya)
408,LGKU1898,Punjab,Jalandhar,Jalandhar,Jalandhar City,Jalandhar City#Jalandhar,A,Jalandhar City (Jalandhar),Jalandhar (Jalandhar City)
409,AGAT5609,Punjab,Jalandhar,Jalandhar,Jalandhar City(Jalandhar),Jalandhar City(Jalandhar)#Jalandhar,A,Jalandhar City(Jalandhar) (Jalandhar),Jalandhar (Jalandhar City(Jalandhar))
410,ZBTG7333,Punjab,Jalandhar,Nakodar,Nakodar,Nakodar#Jalandhar,A,Nakodar (Nakodar),Nakodar (Nakodar)
411,QAYC3532,Punjab,Jalandhar,Shahkot,Shahkot,Shahkot#Jalandhar,A,Shahkot (Shahkot),Shahkot (Shahkot)
412,TGJW4710,Punjab,Ludhiana,Jagraon,Jagraon,Jagraon#Ludhiana,A,Jagraon (Jagraon),Jagraon (Jagraon)
413,LRZK5644,Punjab,Ludhiana,Khanna,Khanna,Khanna#Ludhiana,A,Khanna (Khanna),Khanna (Khanna)
414,UCZN2890,Punjab,Ludhiana,Ludhiana,Ludhiana,Ludhiana#Ludhiana,A,Ludhiana (Ludhiana),Ludhiana (Ludhiana)
415,HQXV8848,Punjab,Ludhiana,Samrala,Machhiwara,Machhiwara#Ludhiana,A,Machhiwara (Samrala),Samrala (Machhiwara)
416,YPUU5215,Punjab,Ludhiana,Raikot,Raikot,Raikot#Ludhiana,A,Raikot (Raikot),Raikot (Raikot)
417,AXVP5032,Punjab,Ludhiana,Ludhiana (East) Sub-District,Sahnewal,Sahnewal#Ludhiana,A,Sahnewal (Ludhiana (East) Sub-District),Ludhiana (East) Sub-District (Sahnewal)
418,NNRH6900,Punjab,Mansa,Mansa Sub-District,Bhikhi,Bhikhi#Mansa,A,Bhikhi (Mansa Sub-District),Mansa Sub-District (Bhikhi)
419,LPKA6362,Punjab,Mansa,Budhlada,Budalada,Budalada#Mansa,A,Budalada (Budhlada),Budhlada (Budalada)
420,ILQL3257,Punjab,Mansa,Mansa,Mansa,Mansa#Mansa,A,Mansa (Mansa),Mansa (Mansa)
421,WORC8030,Punjab,Mansa,Sardulgarh,Sardulgarh,Sardulgarh#Mansa,A,Sardulgarh (Sardulgarh),Sardulgarh (Sardulgarh)
422,PKYC3596,Punjab,Moga,Bhagha Purana,Baghapurana,Baghapurana#Moga,A,Baghapurana (Bhagha Purana),Bhagha Purana (Baghapurana)
423,OOMD7743,Punjab,Moga,Moga Sub-District,Dharamkot,Dharamkot#Moga,A,Dharamkot (Moga Sub-District),Moga Sub-District (Dharamkot)
424,BDZT1123,Punjab,Moga,Moga Sub-District,Kot ise Khan,Kot ise Khan#Moga,A,Kot ise Khan (Moga Sub-District),Moga Sub-District (Kot ise Khan)
425,AWNO9131,Punjab,Moga,Moga,Moga,Moga#Moga,A,Moga (Moga),Moga (Moga)
426,BFBY6923,Punjab,Moga,Nihal Singhwala,Nihal Singh Wala,Nihal Singh Wala#Moga,A,Nihal Singh Wala (Nihal Singhwala),Nihal Singhwala (Nihal Singh Wala)
427,NMFW8264,Punjab,Mohali,Rajpura Sub-District,Banur,Banur#Mohali,A,Banur (Rajpura Sub-District),Rajpura Sub-District (Banur)
428,TMGK7080,Punjab,Mohali,Kharar,Kharar,Kharar#Mohali,A,Kharar (Kharar),Kharar (Kharar)
429,OOLF5936,Punjab,Mohali,Kharar Sub-District,Kurali,Kurali#Mohali,A,Kurali (Kharar Sub-District),Kharar Sub-District (Kurali)
430,VPKZ3282,Punjab,Mohali,Derabassi Sub-District,Lalru,Lalru#Mohali,A,Lalru (Derabassi Sub-District),Derabassi Sub-District (Lalru)
431,FBFH4418,Punjab,Muktsar,Muktsar Sub-District,Bariwala,Bariwala#Muktsar,A,Bariwala (Muktsar Sub-District),Muktsar Sub-District (Bariwala)
432,KKRS1186,Punjab,Muktsar,Gidderbaha,Giddarbaha,Giddarbaha#Muktsar,A,Giddarbaha (Gidderbaha),Gidderbaha (Giddarbaha)
433,KTXI9670,Punjab,Muktsar,Malout,Malout,Malout#Muktsar,A,Malout (Malout),Malout (Malout)
434,MKKX2219,Punjab,Muktsar,Malout,Malout (Panniwala),Malout (Panniwala)#Muktsar,A,Malout (Panniwala) (Malout),Malout (Malout (Panniwala))
435,GKNX3570,Punjab,Muktsar,Muktsar,Muktsar,Muktsar#Muktsar,A,Muktsar (Muktsar),Muktsar (Muktsar)
436,BDLI2905,Punjab,Nawanshahr,Balachaur,Balachaur,Balachaur#Nawanshahr,A,Balachaur (Balachaur),Balachaur (Balachaur)
437,NSJK8989,Punjab,Nawanshahr,Nawanshahr Sub-District,Banga,Banga#Nawanshahr,A,Banga (Nawanshahr Sub-District),Nawanshahr Sub-District (Banga)
438,VFPA8606,Punjab,Nawanshahr,Nawanshahr,Nawan Shahar(Subzi Mandi),Nawan Shahar(Subzi Mandi)#Nawanshahr,A,Nawan Shahar(Subzi Mandi) (Nawanshahr),Nawanshahr (Nawan Shahar(Subzi Mandi))
439,EXHK3546,Punjab,Nawanshahr,Nawanshahr,Nawanshahar,Nawanshahar#Nawanshahr,A,Nawanshahar (Nawanshahr),Nawanshahr (Nawanshahar)
440,TJKP2395,Punjab,Pathankot,Pathankot Sub-District,Narot J Singh,Narot J Singh#Pathankot,A,Narot J Singh (Pathankot Sub-District),Pathankot Sub-District (Narot J Singh)
441,KAZF6759,Punjab,Pathankot,Pathankot,Pathankot,Pathankot#Pathankot,A,Pathankot (Pathankot),Pathankot (Pathankot)
442,APZY2383,Punjab,Patiala,Patiala Sub-District,Dudhansadhan,Dudhansadhan#Patiala,A,Dudhansadhan (Patiala Sub-District),Patiala Sub-District (Dudhansadhan)
443,YLAN4030,Punjab,Patiala,Rajpura Sub-District,Ghanaur,Ghanaur#Patiala,A,Ghanaur (Rajpura Sub-District),Rajpura Sub-District (Ghanaur)
444,JPXL5744,Punjab,Patiala,Nabha,Nabha,Nabha#Patiala,A,Nabha (Nabha),Nabha (Nabha)
445,XXLM5134,Punjab,Patiala,Patiala,Patiala,Patiala#Patiala,A,Patiala (Patiala),Patiala (Patiala)
446,IOYT5640,Punjab,Patiala,Rajpura,Rajpura,Rajpura#Patiala,A,Rajpura (Rajpura),Rajpura (Rajpura)
447,NNOT4417,Punjab,Patiala,Samana,Samana,Samana#Patiala,A,Samana (Samana),Samana (Samana)
448,VUTI3378,Punjab,Ropar (Rupnagar),Anandpur Sahib,Anandpur Sahib,Anandpur Sahib#Ropar (Rupnagar),A,Anandpur Sahib (Anandpur Sahib),Anandpur Sahib (Anandpur Sahib)
449,PNCN7483,Punjab,Ropar (Rupnagar),Chamkaur Sahib,Chamkaur Sahib,Chamkaur Sahib#Ropar (Rupnagar),A,Chamkaur Sahib (Chamkaur Sahib),Chamkaur Sahib (Chamkaur Sahib)
450,QFRP3018,Punjab,Ropar (Rupnagar),Chamkaur Sahib,Morinda,Morinda#Ropar (Rupnagar),A,Morinda (Chamkaur Sahib),Chamkaur Sahib (Morinda)
451,MHQR5035,Punjab,Ropar (Rupnagar),Rupnagar,Ropar,Ropar#Ropar (Rupnagar),A,Ropar (Rupnagar),Rupnagar (Ropar)
452,SBRV7865,Punjab,Sangrur,Malerkotla Sub-District,Amargarh,Amargarh#Sangrur,A,Amargarh (Malerkotla Sub-District),Malerkotla Sub-District (Amargarh)
453,HHCI6871,Punjab,Sangrur,Sangrur Sub-District,Bhawanigarh,Bhawanigarh#Sangrur,A,Bhawanigarh (Sangrur Sub-District),Sangrur Sub-District (Bhawanigarh)
454,QPDE3524,Punjab,Sangrur,Dhuri,Dhuri,Dhuri#Sangrur,A,Dhuri (Dhuri),Dhuri (Dhuri)
455,HIGU5212,Punjab,Sangrur,Moonak,Khanauri,Khanauri#Sangrur,A,Khanauri (Moonak),Moonak (Khanauri)
456,UJIN5473,Punjab,Sangrur,Sunam Sub-District,Lehra Gaga,Lehra Gaga#Sangrur,A,Lehra Gaga (Sunam Sub-District),Sunam Sub-District (Lehra Gaga)
457,JYIW9184,Punjab,Sangrur,Malerkotla,Malerkotla,Malerkotla#Sangrur,A,Malerkotla (Malerkotla),Malerkotla (Malerkotla)
458,LODI3875,Punjab,Sangrur,Moonak,Moonak,Moonak#Sangrur,A,Moonak (Moonak),Moonak (Moonak)
459,WBUR8728,Punjab,Sangrur,Sangrur,Sangrur,Sangrur#Sangrur,A,Sangrur (Sangrur),Sangrur (Sangrur)
460,HMZW7866,Punjab,Sangrur,Sunam,Sunam,Sunam#Sangrur,A,Sunam (Sunam),Sunam (Sunam)
461,WSBI7736,Punjab,Tarntaran,Patti,Patti,Patti#Tarntaran,A,Patti (Patti),Patti (Patti)
462,ELGO7957,Punjab,kapurthala,Phagwara,Phagwara,Phagwara#kapurthala,A,Phagwara (Phagwara),Phagwara (Phagwara)
463,JALK9889,Punjab,kapurthala,Sultanpur Lodhi,Sultanpur,Sultanpur#kapurthala,A,Sultanpur (Sultanpur Lodhi),Sultanpur Lodhi (Sultanpur)
464,PKGP9064,9,Ajmer,Ajmer,Ajmer (Grain),Ajmer (Grain)#Ajmer,A,Ajmer (Grain) (Ajmer),Ajmer (Ajmer (Grain))
465,PANP6153,9,Ajmer,Ajmer,Ajmer(F&V),Ajmer(F&V)#Ajmer,A,Ajmer(F&V) (Ajmer),Ajmer (Ajmer(F&V))
466,PXQT4115,9,Ajmer,Bijainagar,Bijay Nagar,Bijay Nagar#Ajmer,A,Bijay Nagar (Bijainagar),Bijainagar (Bijay Nagar)
467,PMRL4466,9,Alwar,Alwar,Alwar,Alwar#Alwar,A,Alwar (Alwar),Alwar (Alwar)
468,VMMP9142,9,Alwar,Alwar,Alwar(FV),Alwar(FV)#Alwar,A,Alwar(FV) (Alwar),Alwar (Alwar(FV))
469,QQGD3993,9,Bikaner,Bikaner,Bikaner(F&V),Bikaner(F&V)#Bikaner,A,Bikaner(F&V) (Bikaner),Bikaner (Bikaner(F&V))
470,BXVD7602,9,Chittorgarh,Chittaurgarh,Chittorgarh,Chittorgarh#Chittorgarh,A,Chittorgarh (Chittaurgarh),Chittaurgarh (Chittorgarh)
471,LFAE2286,9,Chittorgarh,Pratapgarh,Pratapgarh,Pratapgarh#Chittorgarh,A,Pratapgarh (Pratapgarh),Pratapgarh (Pratapgarh)
472,ZUAW9575,9,Ganganagar,Sriganganagar,Sriganganagar(F&V),Sriganganagar(F&V)#Ganganagar,A,Sriganganagar(F&V) (Sriganganagar),Sriganganagar (Sriganganagar(F&V))
473,UCLV7867,9,Jaipur,Jaipur,Jaipur(F&V),Jaipur(F&V)#Jaipur,A,Jaipur(F&V) (Jaipur),Jaipur (Jaipur(F&V))
474,NVZT7781,9,Jalore,Sayla,Jalore,Jalore#Jalore,A,Jalore (Sayla),Sayla (Jalore)
475,THFU8351,9,Jodhpur,Jodhpur,Jodhpur(F&V)(Bhadwasia),Jodhpur(F&V)(Bhadwasia)#Jodhpur,A,Jodhpur(F&V)(Bhadwasia) (Jodhpur),Jodhpur (Jodhpur(F&V)(Bhadwasia))
476,AEML3104,9,Kota,Kota,Kota (FV),Kota (FV)#Kota,A,Kota (FV) (Kota),Kota (Kota (FV))
477,NKWY5142,9,Nagaur,Nagaur,Nagaur,Nagaur#Nagaur,A,Nagaur (Nagaur),Nagaur (Nagaur)
478,GWXA6061,9,Nagaur,Nagaur,Nagour(FV),Nagour(FV)#Nagaur,A,Nagour(FV) (Nagaur),Nagaur (Nagour(FV))
479,OWCF4088,9,Pali,Pali,Pali,Pali#Pali,A,Pali (Pali),Pali (Pali)
480,OILA1637,9,Sikar,Fatehpur,Fatehpur,Fatehpur#Sikar,A,Fatehpur (Fatehpur),Fatehpur (Fatehpur)
481,FFSP5845,9,Udaipur,Udaipur,Udaipur(F&V),Udaipur(F&V)#Udaipur,A,Udaipur(F&V) (Udaipur),Udaipur (Udaipur(F&V))
482,NDHG5742,20,Chennai,Chennai,Koyambedu,Koyambedu#Chennai,A,Koyambedu (Chennai),Chennai (Koyambedu)
483,ZZSD1219,20,Kancheepuram,Maduranthakam,Acharapakkam,Acharapakkam#Kancheepuram,A,Acharapakkam (Maduranthakam),Maduranthakam (Acharapakkam)
484,IRZW6738,20,Nagercoil (Kannyiakumari),Nagercoil,Monday Market,Monday Market#Nagercoil (Kannyiakumari),A,Monday Market (Nagercoil),Nagercoil (Monday Market)
485,IMGX7196,20,Vellore,Katpadi,Katpadi(Uzhavar Santhai),Katpadi(Uzhavar Santhai)#Vellore,A,Katpadi(Uzhavar Santhai) (Katpadi),Katpadi (Katpadi(Uzhavar Santhai))
486,XEOV1725,22,Adilabad,Adilabad,Adilabad,Adilabad#Adilabad,A,Adilabad (Adilabad),Adilabad (Adilabad)
487,GTPO5477,22,Hyderabad,Hyderabad,Gaddiannaram,Gaddiannaram#Hyderabad,A,Gaddiannaram (Hyderabad),Hyderabad (Gaddiannaram)
488,MMUC7549,22,Nizamabad,Bodhan Sub-District,Bodhan,Bodhan#Nizamabad,A,Bodhan (Bodhan Sub-District),Bodhan Sub-District (Bodhan)
489,XNIQ5569,17,Dhalai,Dumburnagar,Gandacharra,Gandacharra#Dhalai,A,Gandacharra (Dumburnagar),Dumburnagar (Gandacharra)
490,IFWT5213,17,Khowai,Kalyanpur,Kalyanpur,Kalyanpur#Khowai,A,Kalyanpur (Kalyanpur),Kalyanpur (Kalyanpur)
491,LMVU4686,17,Khowai,Teliamura,Teliamura,Teliamura#Khowai,A,Teliamura (Teliamura),Teliamura (Teliamura)
492,DSKE6233,17,South District,Amarpur,Barpathari,Barpathari#South District,A,Barpathari (Amarpur),Amarpur (Barpathari)
493,SCWY2705,17,West District,Jirania,Champaknagar,Champaknagar#West District,A,Champaknagar (Jirania),Jirania (Champaknagar)
494,GHGE9587,1,Agra,Agra,Agra,Agra#Agra,A,Agra (Agra),Agra (Agra)
495,QCNC4665,1,Agra,Fatehabad,Fatehabad,Fatehabad#Agra,A,Fatehabad (Fatehabad),Fatehabad (Fatehabad)
496,MUHK7246,1,Agra,Fatehpur Sikri,Fatehpur Sikri,Fatehpur Sikri#Agra,A,Fatehpur Sikri (Fatehpur Sikri),Fatehpur Sikri (Fatehpur Sikri)
497,KMDG8210,1,Agra,Kheragarh,Jagnair,Jagnair#Agra,A,Jagnair (Kheragarh),Kheragarh (Jagnair)
498,MIGT9506,1,Agra,Bah,Jarar,Jarar#Agra,A,Jarar (Bah),Bah (Jarar)
499,QYIV8595,1,Agra,Kheragarh,Khairagarh,Khairagarh#Agra,A,Khairagarh (Kheragarh),Kheragarh (Khairagarh)
500,QWOL1406,1,Agra,Agra,Samsabad,Samsabad#Agra,A,Samsabad (Agra),Agra (Samsabad)
501,ZKST9326,1,Aligarh,Aligarh,Aligarh,Aligarh#Aligarh,A,Aligarh (Aligarh),Aligarh (Aligarh)
502,JFEO5715,1,Aligarh,Sandila Sub-District,Atrauli,Atrauli#Aligarh,A,Atrauli (Sandila Sub-District),Sandila Sub-District (Atrauli)
503,EXVG2777,1,Aligarh,Atrauli,Charra,Charra#Aligarh,A,Charra (Atrauli),Atrauli (Charra)
504,MGHN9536,1,Aligarh,Khair,Khair,Khair#Aligarh,A,Khair (Khair),Khair (Khair)
505,VWZG2644,1,Allahabad,Sirathu,Ajuha,Ajuha#Allahabad,A,Ajuha (Sirathu),Sirathu (Ajuha)
506,DSGS1199,1,Allahabad,Allahabad,Allahabad,Allahabad#Allahabad,A,Allahabad (Allahabad),Allahabad (Allahabad)
507,UBTB8974,1,Allahabad,Meja,Sirsa,Sirsa#Allahabad,A,Sirsa (Meja),Meja (Sirsa)
508,MCHL1836,1,Ambedkarnagar,Akbarpur,Akbarpur,Akbarpur#Ambedkarnagar,A,Akbarpur (Akbarpur),Akbarpur (Akbarpur)
509,UUBX8252,1,Ambedkarnagar,Tanda,Tanda,Tanda#Ambedkarnagar,A,Tanda (Tanda),Tanda (Tanda)
510,PEOX8689,1,Auraiya,Bidhuna,Achalda,Achalda#Auraiya,A,Achalda (Bidhuna),Bidhuna (Achalda)
511,ZEKA2949,1,Auraiya,Auraiya,Auraiya,Auraiya#Auraiya,A,Auraiya (Auraiya),Auraiya (Auraiya)
512,FVON1759,1,Auraiya,Auraiya Sub-District,Dibiapur,Dibiapur#Auraiya,A,Dibiapur (Auraiya Sub-District),Auraiya Sub-District (Dibiapur)
513,YYNI3637,1,Azamgarh,Azamgarh,Azamgarh,Azamgarh#Azamgarh,A,Azamgarh (Azamgarh),Azamgarh (Azamgarh)
514,SQHG5334,1,Badaun,Budaun,Badayoun,Badayoun#Badaun,A,Badayoun (Budaun),Budaun (Badayoun)
515,FGJX4186,1,Badaun,Budaun Sub-District,Ujhani,Ujhani#Badaun,A,Ujhani (Budaun Sub-District),Budaun Sub-District (Ujhani)
516,PQJM8333,1,Baghpat,Baraut,Baraut,Baraut#Baghpat,A,Baraut (Baraut),Baraut (Baraut)
517,ACRH9772,1,Baghpat,Khekada,Khekda,Khekda#Baghpat,A,Khekda (Khekada),Khekada (Khekda)
518,MXHO8821,1,Bahraich,Bahraich,Bahraich,Bahraich#Bahraich,A,Bahraich (Bahraich),Bahraich (Bahraich)
519,IQLU8322,1,Bahraich,Nanpara,Mihipurwa,Mihipurwa#Bahraich,A,Mihipurwa (Nanpara),Nanpara (Mihipurwa)
520,COIK6958,1,Bahraich,Nanpara,Naanpara,Naanpara#Bahraich,A,Naanpara (Nanpara),Nanpara (Naanpara)
521,TBGQ7809,1,Bahraich,Bahraich Sub-District,Risia,Risia#Bahraich,A,Risia (Bahraich Sub-District),Bahraich Sub-District (Risia)
522,HFHK8214,1,Ballia,Ballia Sub-District,Ballia,Ballia#Ballia,A,Ballia (Ballia Sub-District),Ballia Sub-District (Ballia)
523,XIKI7376,1,Balrampur,Balrampur,Balrampur,Balrampur#Balrampur,A,Balrampur (Balrampur),Balrampur (Balrampur)
524,VDFQ7404,1,Balrampur,Tulsipur,Panchpedwa,Panchpedwa#Balrampur,A,Panchpedwa (Tulsipur),Tulsipur (Panchpedwa)
525,OPXR8747,1,Balrampur,Tulsipur,Tulsipur,Tulsipur#Balrampur,A,Tulsipur (Tulsipur),Tulsipur (Tulsipur)
526,WSXN2335,1,Balrampur,Utraula,Utraula,Utraula#Balrampur,A,Utraula (Utraula),Utraula (Utraula)
527,FWSE2237,1,Banda,Atarra,Atarra,Atarra#Banda,A,Atarra (Atarra),Atarra (Atarra)
528,KTFL4447,1,Banda,Baberu,Baberu,Baberu#Banda,A,Baberu (Baberu),Baberu (Baberu)
529,AWCE5126,1,Banda,Banda,Banda,Banda#Banda,A,Banda (Banda),Banda (Banda)
530,UGVK7372,1,Barabanki,Barabanki,Barabanki,Barabanki#Barabanki,A,Barabanki (Barabanki),Barabanki (Barabanki)
531,ALGT7709,1,Barabanki,Rudauli,Rudauli,Rudauli#Barabanki,A,Rudauli (Rudauli),Rudauli (Rudauli)
532,ALUN7756,1,Barabanki,Nawabganj,Safdarganj,Safdarganj#Barabanki,A,Safdarganj (Nawabganj),Nawabganj (Safdarganj)
533,MEBP7154,1,Bareilly,Bareilly,Anwala,Anwala#Bareilly,A,Anwala (Bareilly),Bareilly (Anwala)
534,LOYN8911,1,Bareilly,Baheri,Bahedi,Bahedi#Bareilly,A,Bahedi (Baheri),Baheri (Bahedi)
535,SCOG8227,1,Bareilly,Bareilly,Bareilly,Bareilly#Bareilly,A,Bareilly (Bareilly),Bareilly (Bareilly)
536,UGHL9610,1,Basti,Basti,Basti,Basti#Basti,A,Basti (Basti),Basti (Basti)
537,FMCM8794,1,Bhadohi(Sant Ravi Nagar),Aurai,Gopiganj,Gopiganj#Bhadohi(Sant Ravi Nagar),A,Gopiganj (Aurai),Aurai (Gopiganj)
538,GTJG2394,1,Bijnor,Bijnor,Bijnaur,Bijnaur#Bijnor,A,Bijnaur (Bijnor),Bijnor (Bijnaur)
539,AHKK7882,1,Bijnor,Chandpur,Chaandpur,Chaandpur#Bijnor,A,Chaandpur (Chandpur),Chandpur (Chaandpur)
540,SVSC6487,1,Bijnor,Dhampur,Dhampur,Dhampur#Bijnor,A,Dhampur (Dhampur),Dhampur (Dhampur)
541,SXRA1656,1,Bijnor,Bijnor Sub-District,Haldaur,Haldaur#Bijnor,A,Haldaur (Bijnor Sub-District),Bijnor Sub-District (Haldaur)
542,XBBD6628,1,Bijnor,Najibabad Sub-District,Kiratpur,Kiratpur#Bijnor,A,Kiratpur (Najibabad Sub-District),Najibabad Sub-District (Kiratpur)
543,OXCQ9292,1,Bijnor,Nagina,Nagina,Nagina#Bijnor,A,Nagina (Nagina),Nagina (Nagina)
544,FMME4173,1,Bijnor,Najibabad,Najibabad,Najibabad#Bijnor,A,Najibabad (Najibabad),Najibabad (Najibabad)
545,LCJV2439,1,Bulandshahar,Anupshahr,Anoop Shahar,Anoop Shahar#Bulandshahar,A,Anoop Shahar (Anupshahr),Anupshahr (Anoop Shahar)
546,IUIY7404,1,Bulandshahar,Bulandshahr,Buland Shahr,Buland Shahr#Bulandshahar,A,Buland Shahr (Bulandshahr),Bulandshahr (Buland Shahr)
547,LKXO1522,1,Bulandshahar,Bulandshahr,Divai,Divai#Bulandshahar,A,Divai (Bulandshahr),Bulandshahr (Divai)
548,WBAR2698,1,Bulandshahar,Bulandshahr Sub-District,Gulavati,Gulavati#Bulandshahar,A,Gulavati (Bulandshahr Sub-District),Bulandshahr Sub-District (Gulavati)
549,MBLQ8352,1,Bulandshahar,Anupshahr,Jahangirabad,Jahangirabad#Bulandshahar,A,Jahangirabad (Anupshahr),Anupshahr (Jahangirabad)
550,CHSO3161,1,Bulandshahar,Khurja,Khurja,Khurja#Bulandshahar,A,Khurja (Khurja),Khurja (Khurja)
551,EGUY6647,1,Bulandshahar,Sikandrabad,Sikanderabad,Sikanderabad#Bulandshahar,A,Sikanderabad (Sikandrabad),Sikandrabad (Sikanderabad)
552,IWFJ9522,1,Bulandshahar,Shikarpur,Sikarpur,Sikarpur#Bulandshahar,A,Sikarpur (Shikarpur),Shikarpur (Sikarpur)
553,XLWR6727,1,Bulandshahar,Siana,Siyana,Siyana#Bulandshahar,A,Siyana (Siana),Siana (Siyana)
554,XYZE2932,1,Chandauli,Chandauli Sub-District,Chandoli,Chandoli#Chandauli,A,Chandoli (Chandauli Sub-District),Chandauli Sub-District (Chandoli)
555,IDRZ5209,1,Chitrakut,Karwi,Karvi,Karvi#Chitrakut,A,Karvi (Karwi),Karwi (Karvi)
556,WPRS7500,1,Deoria,Barhaj,Barhaj,Barhaj#Deoria,A,Barhaj (Barhaj),Barhaj (Barhaj)
557,QWOU9845,1,Deoria,Deoria,Devariya,Devariya#Deoria,A,Devariya (Deoria),Deoria (Devariya)
558,YNBZ1846,1,Etah,Etah,Etah,Etah#Etah,A,Etah (Etah),Etah (Etah)
559,QSDI7685,1,Etah,Kasganj,Kasganj,Kasganj#Etah,A,Kasganj (Kasganj),Kasganj (Kasganj)
560,TAQO1112,1,Etawah,Bharthana,Bharthana,Bharthana#Etawah,A,Bharthana (Bharthana),Bharthana (Bharthana)
561,CRSX6594,1,Etawah,Bharthana,Bharthna,Bharthna#Etawah,A,Bharthna (Bharthana),Bharthana (Bharthna)
562,PKQO7281,1,Etawah,Etawah,Etawah,Etawah#Etawah,A,Etawah (Etawah),Etawah (Etawah)
563,ITHV5962,1,Etawah,Jaswantnagar,Jasvantnagar,Jasvantnagar#Etawah,A,Jasvantnagar (Jaswantnagar),Jaswantnagar (Jasvantnagar)
564,MLGC5093,1,Faizabad,Faizabad,Faizabad,Faizabad#Faizabad,A,Faizabad (Faizabad),Faizabad (Faizabad)
565,WOGT3322,1,Farukhabad,Kaimganj,Farukhabad,Farukhabad#Farukhabad,A,Farukhabad (Kaimganj),Kaimganj (Farukhabad)
566,NWVK2717,1,Farukhabad,Kaimganj,Kayamganj,Kayamganj#Farukhabad,A,Kayamganj (Kaimganj),Kaimganj (Kayamganj)
567,PAYK2931,1,Fatehpur,Bindki,Bindki,Bindki#Fatehpur,A,Bindki (Bindki),Bindki (Bindki)
568,VDWA7546,1,Fatehpur,Fatehpur,Fatehpur,Fatehpur#Fatehpur,A,Fatehpur (Fatehpur),Fatehpur (Fatehpur)
569,WNYV4488,1,Fatehpur,Bindki,Jahanabad,Jahanabad#Fatehpur,A,Jahanabad (Bindki),Bindki (Jahanabad)
570,COMR8428,1,Fatehpur,Khaga,Khaga,Khaga#Fatehpur,A,Khaga (Khaga),Khaga (Khaga)
571,KOVY3548,1,Firozabad,Firozabad,Firozabad,Firozabad#Firozabad,A,Firozabad (Firozabad),Firozabad (Firozabad)
572,YHIG7356,1,Firozabad,Shikohabad,Shikohabad,Shikohabad#Firozabad,A,Shikohabad (Shikohabad),Shikohabad (Shikohabad)
573,QNPS2944,1,Firozabad,Shikohabad,Sirsaganj,Sirsaganj#Firozabad,A,Sirsaganj (Shikohabad),Shikohabad (Sirsaganj)
574,ITVN9111,1,Firozabad,Tundla,Tundla,Tundla#Firozabad,A,Tundla (Tundla),Tundla (Tundla)
575,GWWC3321,1,Gautam Budh Nagar,Dadri,Dadri,Dadri#Gautam Budh Nagar,A,Dadri (Dadri),Dadri (Dadri)
576,WOCH6828,1,Gautam Budh Nagar,Greater Noida,Dankaur,Dankaur#Gautam Budh Nagar,A,Dankaur (Greater Noida),Greater Noida (Dankaur)
577,RUNM9788,1,Gautam Budh Nagar,Jewar,Javer,Javer#Gautam Budh Nagar,A,Javer (Jewar),Jewar (Javer)
578,CCGR6436,1,Ghaziabad,Ghaziabad,Ghaziabad,Ghaziabad#Ghaziabad,A,Ghaziabad (Ghaziabad),Ghaziabad (Ghaziabad)
579,AKVF2861,1,Ghaziabad,Ghaziabad,Hapur,Hapur#Ghaziabad,A,Hapur (Ghaziabad),Ghaziabad (Hapur)
580,QFJR4490,1,Ghaziabad,Muradnagar,Muradnagar,Muradnagar#Ghaziabad,A,Muradnagar (Muradnagar),Muradnagar (Muradnagar)
581,RSHM3772,1,Ghazipur,Ghazipur,Gazipur,Gazipur#Ghazipur,A,Gazipur (Ghazipur),Ghazipur (Gazipur)
582,XTKN7814,1,Ghazipur,Zamania,Jamanian,Jamanian#Ghazipur,A,Jamanian (Zamania),Zamania (Jamanian)
583,ZOUX8443,1,Ghazipur,Mohammadabad,Yusufpur,Yusufpur#Ghazipur,A,Yusufpur (Mohammadabad),Mohammadabad (Yusufpur)
584,VYWY9533,1,Gonda,Gonda,Gonda,Gonda#Gonda,A,Gonda (Gonda),Gonda (Gonda)
585,FUUS7350,1,Gonda,Colonelganj,Karnailganj,Karnailganj#Gonda,A,Karnailganj (Colonelganj),Colonelganj (Karnailganj)
586,IQZD4369,1,Gonda,Tarabganj,Nawabganj,Nawabganj#Gonda,A,Nawabganj (Tarabganj),Tarabganj (Nawabganj)
587,EFJA9931,1,Gorakhpur,Chauri Chaura,Chorichora,Chorichora#Gorakhpur,A,Chorichora (Chauri Chaura),Chauri Chaura (Chorichora)
588,IHJV9790,1,Hamirpur,Rath,Raath,Raath#Hamirpur,A,Raath (Rath),Rath (Raath)
589,NVAV1234,1,Hardoi,Hardoi,Hardoi,Hardoi#Hardoi,A,Hardoi (Hardoi),Hardoi (Hardoi)
590,OYIC6445,1,Hardoi,Sandila,Sandila,Sandila#Hardoi,A,Sandila (Sandila),Sandila (Sandila)
591,XLXD3215,1,Hardoi,Shahabad,Shahabad(New Mandi),Shahabad(New Mandi)#Hardoi,A,Shahabad(New Mandi) (Shahabad),Shahabad (Shahabad(New Mandi))
592,QQIV8934,1,Hathras,Hathras,Haathras,Haathras#Hathras,A,Haathras (Hathras),Hathras (Haathras)
593,WYVT6738,1,Hathras,Sadabad,Shadabad,Shadabad#Hathras,A,Shadabad (Sadabad),Sadabad (Shadabad)
594,YEIP9649,1,Hathras,Sikandra Rao,Sikandraraau,Sikandraraau#Hathras,A,Sikandraraau (Sikandra Rao),Sikandra Rao (Sikandraraau)
595,RJRJ5058,1,Jalaun (Orai),Orai,Jalaun,Jalaun#Jalaun (Orai),A,Jalaun (Orai),Orai (Jalaun)
596,PZVS3127,1,Jalaun (Orai),Orai,Kalpi,Kalpi#Jalaun (Orai),A,Kalpi (Orai),Orai (Kalpi)
597,PJCV6157,1,Jalaun (Orai),Orai,Konch,Konch#Jalaun (Orai),A,Konch (Orai),Orai (Konch)
598,CBUX8024,1,Jalaun (Orai),Orai,Orai,Orai#Jalaun (Orai),A,Orai (Orai),Orai (Orai)
599,ZIMF5460,1,Jalaun (Orai),Orai,Urai,Urai#Jalaun (Orai),A,Urai (Orai),Orai (Urai)
600,HDRB5399,1,Jaunpur,Jaunpur,Jaunpur,Jaunpur#Jaunpur,A,Jaunpur (Jaunpur),Jaunpur (Jaunpur)
601,BOBL7794,1,Jaunpur,Machhali Shahar,Mugrabaadshahpur,Mugrabaadshahpur#Jaunpur,A,Mugrabaadshahpur (Machhali Shahar),Machhali Shahar (Mugrabaadshahpur)
602,STYW7921,1,Jaunpur,Shahganj,Shahganj,Shahganj#Jaunpur,A,Shahganj (Shahganj),Shahganj (Shahganj)
603,YOMB2466,1,Jhansi,Jhansi,Jhansi,Jhansi#Jhansi,A,Jhansi (Jhansi),Jhansi (Jhansi)
604,IYCM5152,1,Jhansi,Mauranipur,Mauranipur,Mauranipur#Jhansi,A,Mauranipur (Mauranipur),Mauranipur (Mauranipur)
605,GEFV9499,1,Jhansi,Moth,Moth,Moth#Jhansi,A,Moth (Moth),Moth (Moth)
606,RCMI7740,1,Jyotiba Phule Nagar,Amroha,Amroha,Amroha#Jyotiba Phule Nagar,A,Amroha (Amroha),Amroha (Amroha)
607,TBGT2381,1,Jyotiba Phule Nagar,Dhanaura,Dhanura,Dhanura#Jyotiba Phule Nagar,A,Dhanura (Dhanaura),Dhanaura (Dhanura)
608,UQFY3409,1,Jyotiba Phule Nagar,Hasanpur,Hasanpur,Hasanpur#Jyotiba Phule Nagar,A,Hasanpur (Hasanpur),Hasanpur (Hasanpur)
609,ODON9383,1,Kannuj,Chhibramau,Chhibramau(Kannuj),Chhibramau(Kannuj)#Kannuj,A,Chhibramau(Kannuj) (Chhibramau),Chhibramau (Chhibramau(Kannuj))
610,KDYH5859,1,Kannuj,Kannauj,Kannauj,Kannauj#Kannuj,A,Kannauj (Kannauj),Kannauj (Kannauj)
611,YRDM4488,1,Kanpur,Derapur,Jhijhank,Jhijhank#Kanpur,A,Jhijhank (Derapur),Derapur (Jhijhank)
612,FRJK3666,1,Kanpur,Kanpur,Kanpur(Grain),Kanpur(Grain)#Kanpur,A,Kanpur(Grain) (Kanpur),Kanpur (Kanpur(Grain))
613,ORHO1279,1,Kanpur,Bhognipur,Pukhrayan,Pukhrayan#Kanpur,A,Pukhrayan (Bhognipur),Bhognipur (Pukhrayan)
614,JCSS8528,1,Kanpur,Akbarpur,Rura,Rura#Kanpur,A,Rura (Akbarpur),Akbarpur (Rura)
615,CPHR1493,1,Kanpur,Ghatampur,Varipaal,Varipaal#Kanpur,A,Varipaal (Ghatampur),Ghatampur (Varipaal)
616,SNED3767,1,Khiri (Lakhimpur),Nighasan,Tikonia,Tikonia#Khiri (Lakhimpur),A,Tikonia (Nighasan),Nighasan (Tikonia)
617,UPRT7793,1,Lakhimpur,Gola Gokaran Nath,Golagokarnath,Golagokarnath#Lakhimpur,A,Golagokarnath (Gola Gokaran Nath),Gola Gokaran Nath (Golagokarnath)
618,HIZE8963,1,Lakhimpur,Lakhimpur,Lakhimpur,Lakhimpur#Lakhimpur,A,Lakhimpur (Lakhimpur),Lakhimpur (Lakhimpur)
619,QHWX6312,1,Lakhimpur,Palia,Paliakala,Paliakala#Lakhimpur,A,Paliakala (Palia),Palia (Paliakala)
620,FKMM1574,1,Lalitpur,Lalitpur Sub-District,Lalitpur,Lalitpur#Lalitpur,A,Lalitpur (Lalitpur Sub-District),Lalitpur Sub-District (Lalitpur)
621,VCGN9535,1,Lucknow,Lucknow,Lucknow,Lucknow#Lucknow,A,Lucknow (Lucknow),Lucknow (Lucknow)
622,PFBB8547,1,Maharajganj,Maharajganj,Maharajganj,Maharajganj#Maharajganj,A,Maharajganj (Maharajganj),Maharajganj (Maharajganj)
623,OUGP2672,1,Maharajganj,Maharajganj Sub-District,Partaval,Partaval#Maharajganj,A,Partaval (Maharajganj Sub-District),Maharajganj Sub-District (Partaval)
624,UYWS2602,1,Mahoba,Charkhari,Charkhari,Charkhari#Mahoba,A,Charkhari (Charkhari),Charkhari (Charkhari)
625,EACC6175,1,Mahoba,Mahoba,Mahoba,Mahoba#Mahoba,A,Mahoba (Mahoba),Mahoba (Mahoba)
626,HDLF7142,1,Mainpuri,Maudaha,Bewar,Bewar#Mainpuri,A,Bewar (Maudaha),Maudaha (Bewar)
627,MQTR4824,1,Mainpuri,Mainpuri,Mainpuri,Mainpuri#Mainpuri,A,Mainpuri (Mainpuri),Mainpuri (Mainpuri)
628,RJVG2003,1,Mathura,Chhata,Kosikalan,Kosikalan#Mathura,A,Kosikalan (Chhata),Chhata (Kosikalan)
629,KQNB9442,1,Mathura,Mathura,Mathura,Mathura#Mathura,A,Mathura (Mathura),Mathura (Mathura)
630,FQOK9653,1,Mau(Maunathbhanjan),Maunath Bhanjan Sub-District,Kopaganj,Kopaganj#Mau(Maunathbhanjan),A,Kopaganj (Maunath Bhanjan Sub-District),Maunath Bhanjan Sub-District (Kopaganj)
631,BUKV7250,1,Mau(Maunathbhanjan),Maunath Bhanjan,Mau,Mau#Mau(Maunathbhanjan),A,Mau (Maunath Bhanjan),Maunath Bhanjan (Mau)
632,MPZR3354,1,Meerut,Mawana,Mawana,Mawana#Meerut,A,Mawana (Mawana),Mawana (Mawana)
633,SDGW8235,1,Meerut,Meerut,Meerut,Meerut#Meerut,A,Meerut (Meerut),Meerut (Meerut)
634,GWFF8061,1,Meerut,Sardhana,Sardhana,Sardhana#Meerut,A,Sardhana (Sardhana),Sardhana (Sardhana)
635,VXVZ4965,1,Mirzapur,Mirzapur,Mirzapur,Mirzapur#Mirzapur,A,Mirzapur (Mirzapur),Mirzapur (Mirzapur)
636,KKBY4056,1,Muradabad,Chandausi Sub-District,Bhehjoi,Bhehjoi#Muradabad,A,Bhehjoi (Chandausi Sub-District),Chandausi Sub-District (Bhehjoi)
637,ZDYH1940,1,Muradabad,Bilari,Chandausi,Chandausi#Muradabad,A,Chandausi (Bilari),Bilari (Chandausi)
638,NFCM1123,1,Muradabad,Moradabad,Muradabad,Muradabad#Muradabad,A,Muradabad (Moradabad),Moradabad (Muradabad)
639,TMFP9893,1,Muradabad,Sambhal,Sambhal,Sambhal#Muradabad,A,Sambhal (Sambhal),Sambhal (Sambhal)
640,RHXV5788,1,Muzaffarnagar,Muzaffarnagar,Kadhle,Kadhle#Muzaffarnagar,A,Kadhle (Muzaffarnagar),Muzaffarnagar (Kadhle)
641,FZXK1269,1,Muzaffarnagar,Kairana,Kairana,Kairana#Muzaffarnagar,A,Kairana (Kairana),Kairana (Kairana)
642,HSFP8303,1,Muzaffarnagar,Khatauli,Khatauli,Khatauli#Muzaffarnagar,A,Khatauli (Khatauli),Khatauli (Khatauli)
643,PKXK4618,1,Muzaffarnagar,Muzaffarnagar,Muzzafarnagar,Muzzafarnagar#Muzaffarnagar,A,Muzzafarnagar (Muzaffarnagar),Muzaffarnagar (Muzzafarnagar)
644,NDTI5020,1,Muzaffarnagar,Budhana,Shahpur,Shahpur#Muzaffarnagar,A,Shahpur (Budhana),Budhana (Shahpur)
645,RNVW1404,1,Muzaffarnagar,Muzaffarnagar,Shamli,Shamli#Muzaffarnagar,A,Shamli (Muzaffarnagar),Muzaffarnagar (Shamli)
646,MHZP2302,1,Muzaffarnagar,Shamli Sub-District,Thanabhawan,Thanabhawan#Muzaffarnagar,A,Thanabhawan (Shamli Sub-District),Shamli Sub-District (Thanabhawan)
647,TNFL1285,1,Padrauna(Kusinagar),Padrauna,Tamkuhi Road,Tamkuhi Road#Padrauna(Kusinagar),A,Tamkuhi Road (Padrauna),Padrauna (Tamkuhi Road)
648,WGHC5997,1,Pillibhit,Pilibhit,Pilibhit,Pilibhit#Pillibhit,A,Pilibhit (Pilibhit),Pilibhit (Pilibhit)
649,WCGC1550,1,Pillibhit,Puranpur,Puranpur,Puranpur#Pillibhit,A,Puranpur (Puranpur),Puranpur (Puranpur)
650,XNVQ9323,1,Pillibhit,Bisalpur,Vishalpur,Vishalpur#Pillibhit,A,Vishalpur (Bisalpur),Bisalpur (Vishalpur)
651,CLIO4182,1,Pratapgarh,Pratapgarh,Pratapgarh,Pratapgarh#Pratapgarh,A,Pratapgarh (Pratapgarh),Pratapgarh (Pratapgarh)
652,JQGL5770,1,Raebarelli,Lalganj,Lalganj,Lalganj#Raebarelli,A,Lalganj (Lalganj),Lalganj (Lalganj)
653,FXIN9199,1,Raebarelli,Rae Bareli,Raibareilly,Raibareilly#Raebarelli,A,Raibareilly (Rae Bareli),Rae Bareli (Raibareilly)
654,GUFA2430,1,Rampur,Rampur,Rampur,Rampur#Rampur,A,Rampur (Rampur),Rampur (Rampur)
655,KDYW2601,1,Rampur,Shahabad,Shahabad,Shahabad#Rampur,A,Shahabad (Shahabad),Shahabad (Shahabad)
656,MUEP2776,1,Rampur,Rampur Sub-District,Tanda(Rampur),Tanda(Rampur)#Rampur,A,Tanda(Rampur) (Rampur Sub-District),Rampur Sub-District (Tanda(Rampur))
657,EMXO9224,1,Rampur,Bilaspur,Vilaspur,Vilaspur#Rampur,A,Vilaspur (Bilaspur),Bilaspur (Vilaspur)
658,BIYD8691,1,Saharanpur,Behat,Chutmalpur,Chutmalpur#Saharanpur,A,Chutmalpur (Behat),Behat (Chutmalpur)
659,HUSA1539,1,Saharanpur,Deoband,Devband,Devband#Saharanpur,A,Devband (Deoband),Deoband (Devband)
660,YXHA3332,1,Saharanpur,Nakur,Gangoh,Gangoh#Saharanpur,A,Gangoh (Nakur),Nakur (Gangoh)
661,CJCV9403,1,Saharanpur,Nakur,Nakud,Nakud#Saharanpur,A,Nakud (Nakur),Nakur (Nakud)
662,UGKL1387,1,Saharanpur,Rampur Maniharam,Nanuta,Nanuta#Saharanpur,A,Nanuta (Rampur Maniharam),Rampur Maniharam (Nanuta)
663,JNSE9131,1,Saharanpur,Rampur Maniharam,Rampurmaniharan,Rampurmaniharan#Saharanpur,A,Rampurmaniharan (Rampur Maniharam),Rampur Maniharam (Rampurmaniharan)
664,EQOC4326,1,Saharanpur,Saharanpur,Saharanpur,Saharanpur#Saharanpur,A,Saharanpur (Saharanpur),Saharanpur (Saharanpur)
665,NLSW5504,1,Sant Kabir Nagar,Khalilabad,Khalilabad,Khalilabad#Sant Kabir Nagar,A,Khalilabad (Khalilabad),Khalilabad (Khalilabad)
666,QNOP4118,1,Shahjahanpur,Shahjahanpur,Puwaha,Puwaha#Shahjahanpur,A,Puwaha (Shahjahanpur),Shahjahanpur (Puwaha)
667,PVBB7177,1,Shahjahanpur,Shahjahanpur,Shahjahanpur,Shahjahanpur#Shahjahanpur,A,Shahjahanpur (Shahjahanpur),Shahjahanpur (Shahjahanpur)
668,QQOD9750,1,Shahjahanpur,Tilhar,Tilhar,Tilhar#Shahjahanpur,A,Tilhar (Tilhar),Tilhar (Tilhar)
669,APZZ9376,1,Shravasti,Payagpur,Payagpur,Payagpur#Shravasti,A,Payagpur (Payagpur),Payagpur (Payagpur)
670,QXXY7881,1,Siddharth Nagar,Naugarh Sub-District,Naugarh,Naugarh#Siddharth Nagar,A,Naugarh (Naugarh Sub-District),Naugarh Sub-District (Naugarh)
671,ZAVL9744,1,Siddharth Nagar,Domariyaganj,Sahiyapur,Sahiyapur#Siddharth Nagar,A,Sahiyapur (Domariyaganj),Domariyaganj (Sahiyapur)
672,TRTA2312,1,Siddharth Nagar,Shohratgarh,Soharatgarh,Soharatgarh#Siddharth Nagar,A,Soharatgarh (Shohratgarh),Shohratgarh (Soharatgarh)
673,JWRW5623,1,Sitapur,Mahmudabad,Mehmoodabad,Mehmoodabad#Sitapur,A,Mehmoodabad (Mahmudabad),Mahmudabad (Mehmoodabad)
674,RJKM7434,1,Sitapur,Sitapur,Sitapur,Sitapur#Sitapur,A,Sitapur (Sitapur),Sitapur (Sitapur)
675,XITC9514,1,Sonbhadra,Robertsganj,Robertsganj,Robertsganj#Sonbhadra,A,Robertsganj (Robertsganj),Robertsganj (Robertsganj)
676,HRJO1285,1,Sultanpur,Bindki,Jafarganj,Jafarganj#Sultanpur,A,Jafarganj (Bindki),Bindki (Jafarganj)
677,WDLG8648,1,Sultanpur,Sultanpur,Sultanpur,Sultanpur#Sultanpur,A,Sultanpur (Sultanpur),Sultanpur (Sultanpur)
678,INRB7024,1,Unnao,Safipur,Bangarmau,Bangarmau#Unnao,A,Bangarmau (Safipur),Safipur (Bangarmau)
679,ZWPM8353,1,Unnao,Purwa,Purwa,Purwa#Unnao,A,Purwa (Purwa),Purwa (Purwa)
680,KWXF3527,1,Unnao,Unnao,Unnao,Unnao#Unnao,A,Unnao (Unnao),Unnao (Unnao)
681,UUSP7886,1,Varanasi,Varanasi,Varanasi(F&V),Varanasi(F&V)#Varanasi,A,Varanasi(F&V) (Varanasi),Varanasi (Varanasi(F&V))
682,KNUM2436,1,Varanasi,Varanasi,Varanasi(Grain),Varanasi(Grain)#Varanasi,A,Varanasi(Grain) (Varanasi),Varanasi (Varanasi(Grain))
683,NCZT9588,8,Champawat,Poornagiri,Tanakpur,Tanakpur#Champawat,A,Tanakpur (Poornagiri),Poornagiri (Tanakpur)
684,WXWK9822,8,Dehradoon,Dehradun,Dehradoon,Dehradoon#Dehradoon,A,Dehradoon (Dehradun),Dehradun (Dehradoon)
685,ZYXG9543,8,Dehradoon,Rishikesh,Rishikesh,Rishikesh#Dehradoon,A,Rishikesh (Rishikesh),Rishikesh (Rishikesh)
686,UQKQ8869,8,Dehradoon,Vikasnagar,Vikasnagar,Vikasnagar#Dehradoon,A,Vikasnagar (Vikasnagar),Vikasnagar (Vikasnagar)
687,MCHK3910,8,Garhwal (Pauri),Kotdwara,Kotadwara,Kotadwara#Garhwal (Pauri),A,Kotadwara (Kotdwara),Kotdwara (Kotadwara)
688,PQFW3219,8,Haridwar,Roorkee Sub-District,Bhagwanpur(Naveen Mandi Sthal),Bhagwanpur(Naveen Mandi Sthal)#Haridwar,A,Bhagwanpur(Naveen Mandi Sthal) (Roorkee Sub-District),Roorkee Sub-District (Bhagwanpur(Naveen Mandi Sthal))
689,HEDE8121,8,Haridwar,Haridwar,Haridwar Union,Haridwar Union#Haridwar,A,Haridwar Union (Haridwar),Haridwar (Haridwar Union)
690,DYCT5824,8,Haridwar,Laksar,Lakshar,Lakshar#Haridwar,A,Lakshar (Laksar),Laksar (Lakshar)
691,DFTR8564,8,Haridwar,Roorkee Sub-District,Manglaur,Manglaur#Haridwar,A,Manglaur (Roorkee Sub-District),Roorkee Sub-District (Manglaur)
692,SMDB8799,8,Haridwar,Roorkee,Roorkee,Roorkee#Haridwar,A,Roorkee (Roorkee),Roorkee (Roorkee)
693,ZFUP8570,8,Nanital,Haldwani,Haldwani,Haldwani#Nanital,A,Haldwani (Haldwani),Haldwani (Haldwani)
694,XQUG7014,8,Nanital,Ramnagar,Ramnagar,Ramnagar#Nanital,A,Ramnagar (Ramnagar),Ramnagar (Ramnagar)
695,HWYO1326,8,UdhamSinghNagar,Gadarpur,Gadarpur,Gadarpur#UdhamSinghNagar,A,Gadarpur (Gadarpur),Gadarpur (Gadarpur)
696,JSMC7098,8,UdhamSinghNagar,Jaspur,Jaspur(UC),Jaspur(UC)#UdhamSinghNagar,A,Jaspur(UC) (Jaspur),Jaspur (Jaspur(UC))
697,FTYF4689,8,UdhamSinghNagar,Kashipur,Kashipur,Kashipur#UdhamSinghNagar,A,Kashipur (Kashipur),Kashipur (Kashipur)
698,PXLW4209,8,UdhamSinghNagar,Khatima,Khateema,Khateema#UdhamSinghNagar,A,Khateema (Khatima),Khatima (Khateema)
699,JNRB9979,8,UdhamSinghNagar,Kichha,Kicchha,Kicchha#UdhamSinghNagar,A,Kicchha (Kichha),Kichha (Kicchha)
700,YMKU4544,8,UdhamSinghNagar,Rudrapur,Rudrapur,Rudrapur#UdhamSinghNagar,A,Rudrapur (Rudrapur),Rudrapur (Rudrapur)
701,HVLK8202,8,UdhamSinghNagar,Sitarganj,Sitarganj,Sitarganj#UdhamSinghNagar,A,Sitarganj (Sitarganj),Sitarganj (Sitarganj)
702,CZQM4815,15,Burdwan,Asansol,Asansol,Asansol#Burdwan,A,Asansol (Asansol),Asansol (Asansol)
703,KMSL3501,15,Burdwan,Durgapur,Durgapur,Durgapur#Burdwan,A,Durgapur (Durgapur),Durgapur (Durgapur)
704,PHMM7377,15,Darjeeling,Matigara,Matigara,Matigara#Darjeeling,A,Matigara (Matigara),Matigara (Matigara)
705,DCUY9567,15,Kolkata,Kolkata,Mechua,Mechua#Kolkata,A,Mechua (Kolkata),Kolkata (Mechua)
706,BWMG3308,15,Malda,Chanchal-II,Samsi,Samsi#Malda,A,Samsi (Chanchal-II),Chanchal-II (Samsi)
707,XZKX2110,15,Medinipur(W),Midnapore,Medinipur(West),Medinipur(West)#Medinipur(W),A,Medinipur(West) (Midnapore),Midnapore (Medinipur(West))
708,XWOR5403,15,Medinipur(W),Midnapore,Midnapore Sadar,Midnapore Sadar#Medinipur(W),A,Midnapore Sadar (Midnapore),Midnapore (Midnapore Sadar)
709,SQOF4876,15,Puruliya,Puncha,Purulia,Purulia#Puruliya,A,Purulia (Puncha),Puncha (Purulia)
710,VXFW4421,15,Uttar Dinajpur,Kaliaganj,Kaliaganj,Kaliaganj#Uttar Dinajpur,A,Kaliaganj (Kaliaganj),Kaliaganj (Kaliaganj)
